-- phpMyAdmin SQL Dump
-- version 5.0.4
-- https://www.phpmyadmin.net/
--
-- Host: localhost
-- Generation Time: May 22, 2022 at 07:06 AM
-- Server version: 8.0.24
-- PHP Version: 7.4.28

SET SQL_MODE = "NO_AUTO_VALUE_ON_ZERO";
START TRANSACTION;
SET time_zone = "+00:00";


/*!40101 SET @OLD_CHARACTER_SET_CLIENT=@@CHARACTER_SET_CLIENT */;
/*!40101 SET @OLD_CHARACTER_SET_RESULTS=@@CHARACTER_SET_RESULTS */;
/*!40101 SET @OLD_COLLATION_CONNECTION=@@COLLATION_CONNECTION */;
/*!40101 SET NAMES utf8mb4 */;

--
-- Database: `imperiumline`
--

-- --------------------------------------------------------

--
-- Table structure for table `callparticipants`
--

CREATE TABLE `callparticipants` (
  `id` int NOT NULL,
  `callUniqueId` text NOT NULL,
  `callId` int NOT NULL,
  `participantId` int NOT NULL,
  `stillParticipating` int NOT NULL,
  `initiatorId` int NOT NULL,
  `startDate` datetime NOT NULL DEFAULT CURRENT_TIMESTAMP,
  `missed` int NOT NULL
) ENGINE=InnoDB DEFAULT CHARSET=utf8mb4 COLLATE=utf8mb4_0900_ai_ci;

--
-- Dumping data for table `callparticipants`
--

INSERT INTO `callparticipants` (`id`, `callUniqueId`, `callId`, `participantId`, `stillParticipating`, `initiatorId`, `startDate`, `missed`) VALUES
(1, '', 7, 1, 0, 0, '2022-02-28 02:17:42', 0),
(2, '', 8, 1, 0, 0, '2022-02-28 02:17:42', 0),
(4, '', 10, 1, 0, 0, '2022-02-28 02:17:42', 0),
(10, '', 16, 1, 0, 0, '2022-02-28 02:17:42', 0),
(12, '', 18, 3, 0, 0, '2022-02-28 02:17:42', 0),
(20, '1a561631-2b04-4cbc-9975-112ec49b73e3', 26, 4, 0, 0, '2022-02-28 02:17:42', 0),
(21, '1a561631-2b04-4cbc-9975-112ec49b73e3', 26, 1, 0, 0, '2022-02-28 02:17:42', 0),
(22, '5498a6a8-7fda-40df-9507-f7ad3a1e226c', 27, 6, 0, 0, '2022-02-28 02:17:42', 0),
(23, '5498a6a8-7fda-40df-9507-f7ad3a1e226c', 27, 1, 0, 0, '2022-02-28 02:17:42', 0),
(24, '50b740f1-5c2a-4e3b-acf1-45612b3b7ac6', 28, 8, 0, 0, '2022-02-28 02:17:42', 0),
(25, '50b740f1-5c2a-4e3b-acf1-45612b3b7ac6', 28, 1, 0, 0, '2022-02-28 02:17:42', 0),
(26, '635a97cc-c882-458c-8ac0-c9796c18f7a9', 29, 8, 0, 0, '2022-02-28 02:17:42', 0),
(27, '635a97cc-c882-458c-8ac0-c9796c18f7a9', 29, 1, 0, 0, '2022-02-28 02:17:42', 0),
(28, 'be045810-00a0-4a8b-bed9-d6fc50c4054d', 30, 8, 0, 0, '2022-02-28 02:17:42', 0),
(29, 'be045810-00a0-4a8b-bed9-d6fc50c4054d', 30, 1, 0, 0, '2022-02-28 02:17:42', 0),
(30, '30f9d0ad-8503-4e53-8f88-b5e97670dc58', 31, 2, 0, 0, '2022-02-28 02:17:42', 0),
(31, '30f9d0ad-8503-4e53-8f88-b5e97670dc58', 31, 1, 0, 0, '2022-02-28 02:17:42', 0),
(32, 'cf84093e-989c-47c7-bccd-0a135092ad88', 32, 2, 0, 0, '2022-02-28 02:17:42', 0),
(33, 'cf84093e-989c-47c7-bccd-0a135092ad88', 32, 1, 0, 0, '2022-02-28 02:17:42', 0),
(34, '76581483-5473-4128-8068-c21ef96fb374', 33, 8, 0, 0, '2022-02-28 02:17:42', 0),
(35, '76581483-5473-4128-8068-c21ef96fb374', 33, 1, 0, 0, '2022-02-28 02:17:42', 0),
(36, '44c8029c-131b-4086-a49c-d1dbeabceef3', 34, 3, 0, 0, '2022-02-28 02:17:42', 0),
(37, '44c8029c-131b-4086-a49c-d1dbeabceef3', 34, 1, 0, 0, '2022-02-28 02:17:42', 0),
(38, '21fc0e69-b631-4038-b2a2-8647d19f40aa', 35, 6, 0, 0, '2022-02-28 02:17:42', 0),
(39, '21fc0e69-b631-4038-b2a2-8647d19f40aa', 35, 1, 0, 0, '2022-02-28 02:17:42', 0),
(40, '2c14650a-2bfe-4460-b03e-fddf71d9adde', 36, 8, 0, 0, '2022-02-28 02:17:42', 0),
(41, '2c14650a-2bfe-4460-b03e-fddf71d9adde', 36, 1, 0, 0, '2022-02-28 02:17:42', 0),
(42, 'd99fc335-eb29-47b5-bf05-b33c876cac4f', 37, 6, 0, 0, '2022-02-28 02:17:42', 0),
(43, 'd99fc335-eb29-47b5-bf05-b33c876cac4f', 37, 1, 0, 0, '2022-02-28 02:17:42', 0),
(44, 'eade64ff-152a-4e14-85e3-180fc1f8266a', 38, 4, 0, 0, '2022-02-28 02:17:42', 0),
(45, 'eade64ff-152a-4e14-85e3-180fc1f8266a', 38, 5, 0, 0, '2022-02-28 02:17:42', 0),
(46, '30745d2c-d5db-4b2f-a920-83598d287b5f', 39, 4, 0, 0, '2022-02-28 02:17:42', 0),
(47, '30745d2c-d5db-4b2f-a920-83598d287b5f', 39, 5, 0, 0, '2022-02-28 02:17:42', 0),
(48, '6faffb78-cd18-4982-a49f-fd5754306ca1', 40, 3, 0, 0, '2022-02-28 02:17:42', 0),
(49, '6faffb78-cd18-4982-a49f-fd5754306ca1', 40, 1, 0, 0, '2022-02-28 02:17:42', 0),
(50, 'a2215f7f-fa3e-481e-a4fd-26d42cf4aeac', 41, 3, 0, 0, '2022-02-28 02:17:42', 0),
(51, 'a2215f7f-fa3e-481e-a4fd-26d42cf4aeac', 41, 1, 0, 0, '2022-02-28 02:17:42', 0),
(52, '267c0c48-0300-48ed-8dc3-5d3255ac6e37', 42, 3, 0, 0, '2022-02-28 02:17:42', 0),
(53, '267c0c48-0300-48ed-8dc3-5d3255ac6e37', 42, 1, 0, 0, '2022-02-28 02:17:42', 0),
(54, 'd246a53e-b967-4f60-a128-f48a1054829e', 44, 3, 0, 0, '2022-02-28 02:17:42', 0),
(55, 'd246a53e-b967-4f60-a128-f48a1054829e', 44, 1, 0, 0, '2022-02-28 02:17:42', 0),
(56, 'efb1a4c7-a5fb-405c-95c9-cfa992635f4c', 45, 3, 0, 0, '2022-02-28 02:17:42', 0),
(57, 'efb1a4c7-a5fb-405c-95c9-cfa992635f4c', 45, 1, 0, 0, '2022-02-28 02:17:42', 0),
(58, '57c89f25-baa9-47b7-b2fb-e6e57503ee2c', 47, 3, 0, 0, '2022-02-28 02:17:42', 0),
(59, '57c89f25-baa9-47b7-b2fb-e6e57503ee2c', 47, 1, 0, 0, '2022-02-28 02:17:42', 0),
(60, '6342c218-9697-41ae-b988-3be8eff71113', 48, 2, 0, 0, '2022-02-28 02:17:42', 0),
(61, '6342c218-9697-41ae-b988-3be8eff71113', 48, 1, 0, 0, '2022-02-28 02:17:42', 0),
(62, '6342c218-9697-41ae-b988-3be8eff71113', 48, 3, 0, 0, '2022-02-28 02:17:42', 0),
(63, '6342c218-9697-41ae-b988-3be8eff71113', 48, 3, 0, 0, '2022-02-28 02:17:42', 0),
(64, '6342c218-9697-41ae-b988-3be8eff71113', 48, 4, 0, 0, '2022-02-28 02:17:42', 0),
(65, '6342c218-9697-41ae-b988-3be8eff71113', 48, 5, 0, 0, '2022-02-28 02:17:42', 0),
(66, '505140a0-c0d1-4b22-bf2a-7112dbb96462', 49, 2, 0, 0, '2022-02-28 02:17:42', 0),
(67, '505140a0-c0d1-4b22-bf2a-7112dbb96462', 49, 1, 0, 0, '2022-02-28 02:17:42', 0),
(68, '505140a0-c0d1-4b22-bf2a-7112dbb96462', 49, 3, 0, 0, '2022-02-28 02:17:42', 0),
(69, '505140a0-c0d1-4b22-bf2a-7112dbb96462', 49, 3, 0, 0, '2022-02-28 02:17:42', 0),
(70, '505140a0-c0d1-4b22-bf2a-7112dbb96462', 49, 4, 0, 0, '2022-02-28 02:17:42', 0),
(71, '505140a0-c0d1-4b22-bf2a-7112dbb96462', 49, 5, 0, 0, '2022-02-28 02:17:42', 0),
(72, '420fb1c6-3a52-4bab-a29c-653432888b46', 50, 2, 0, 0, '2022-02-28 02:17:42', 0),
(73, '420fb1c6-3a52-4bab-a29c-653432888b46', 50, 1, 0, 0, '2022-02-28 02:17:42', 0),
(74, '420fb1c6-3a52-4bab-a29c-653432888b46', 50, 3, 0, 0, '2022-02-28 02:17:42', 0),
(75, '420fb1c6-3a52-4bab-a29c-653432888b46', 50, 3, 0, 0, '2022-02-28 02:17:42', 0),
(76, '420fb1c6-3a52-4bab-a29c-653432888b46', 50, 4, 0, 0, '2022-02-28 02:17:42', 0),
(77, '420fb1c6-3a52-4bab-a29c-653432888b46', 50, 5, 0, 0, '2022-02-28 02:17:42', 0),
(78, '6558cbec-ab14-4ec0-b116-58ce03d867ba', 51, 2, 0, 0, '2022-02-28 02:17:42', 0),
(79, '6558cbec-ab14-4ec0-b116-58ce03d867ba', 51, 1, 0, 0, '2022-02-28 02:17:42', 0),
(80, '6558cbec-ab14-4ec0-b116-58ce03d867ba', 51, 3, 0, 0, '2022-02-28 02:17:42', 0),
(81, '6558cbec-ab14-4ec0-b116-58ce03d867ba', 51, 3, 0, 0, '2022-02-28 02:17:42', 0),
(82, '6558cbec-ab14-4ec0-b116-58ce03d867ba', 51, 4, 0, 0, '2022-02-28 02:17:42', 0),
(83, '6558cbec-ab14-4ec0-b116-58ce03d867ba', 51, 5, 0, 0, '2022-02-28 02:17:42', 0),
(84, '288f176b-7483-41ad-a2d9-0fcc6f61a940', 52, 2, 0, 0, '2022-02-28 02:17:42', 0),
(85, '288f176b-7483-41ad-a2d9-0fcc6f61a940', 52, 1, 0, 0, '2022-02-28 02:17:42', 0),
(86, '288f176b-7483-41ad-a2d9-0fcc6f61a940', 52, 3, 0, 0, '2022-02-28 02:17:42', 0),
(87, '288f176b-7483-41ad-a2d9-0fcc6f61a940', 52, 3, 0, 0, '2022-02-28 02:17:42', 0),
(88, '288f176b-7483-41ad-a2d9-0fcc6f61a940', 52, 4, 0, 0, '2022-02-28 02:17:42', 0),
(89, '288f176b-7483-41ad-a2d9-0fcc6f61a940', 52, 5, 0, 0, '2022-02-28 02:17:42', 0),
(90, '76d55401-3e19-4fb8-876b-8b954be2d8c8', 53, 2, 0, 0, '2022-02-28 02:17:42', 0),
(91, '76d55401-3e19-4fb8-876b-8b954be2d8c8', 53, 1, 0, 0, '2022-02-28 02:17:42', 0),
(92, '76d55401-3e19-4fb8-876b-8b954be2d8c8', 53, 3, 0, 0, '2022-02-28 02:17:42', 0),
(93, '76d55401-3e19-4fb8-876b-8b954be2d8c8', 53, 3, 0, 0, '2022-02-28 02:17:42', 0),
(94, '76d55401-3e19-4fb8-876b-8b954be2d8c8', 53, 4, 0, 0, '2022-02-28 02:17:42', 0),
(95, '76d55401-3e19-4fb8-876b-8b954be2d8c8', 53, 5, 0, 0, '2022-02-28 02:17:42', 0),
(96, '9665368b-f1f8-4f7c-8890-a2f467894cf3', 54, 2, 0, 0, '2022-02-28 02:17:42', 0),
(97, '9665368b-f1f8-4f7c-8890-a2f467894cf3', 54, 1, 0, 0, '2022-02-28 02:17:42', 0),
(98, '9665368b-f1f8-4f7c-8890-a2f467894cf3', 54, 3, 0, 0, '2022-02-28 02:17:42', 0),
(99, '9665368b-f1f8-4f7c-8890-a2f467894cf3', 54, 3, 0, 0, '2022-02-28 02:17:42', 0),
(100, '9665368b-f1f8-4f7c-8890-a2f467894cf3', 54, 4, 0, 0, '2022-02-28 02:17:42', 0),
(101, '9665368b-f1f8-4f7c-8890-a2f467894cf3', 54, 5, 0, 0, '2022-02-28 02:17:42', 0),
(102, '930aaad2-6dcf-4645-a464-38edb34041ac', 55, 2, 0, 0, '2022-02-28 02:17:42', 0),
(103, '930aaad2-6dcf-4645-a464-38edb34041ac', 55, 1, 0, 0, '2022-02-28 02:17:42', 0),
(104, '930aaad2-6dcf-4645-a464-38edb34041ac', 55, 3, 0, 0, '2022-02-28 02:17:42', 0),
(105, '930aaad2-6dcf-4645-a464-38edb34041ac', 55, 3, 0, 0, '2022-02-28 02:17:42', 0),
(106, '930aaad2-6dcf-4645-a464-38edb34041ac', 55, 4, 0, 0, '2022-02-28 02:17:42', 0),
(107, '930aaad2-6dcf-4645-a464-38edb34041ac', 55, 5, 0, 0, '2022-02-28 02:17:42', 0),
(108, '972aaf36-a4cf-4822-b194-1ec579ce6d0e', 56, 4, 0, 0, '2022-02-28 02:17:42', 0),
(109, '972aaf36-a4cf-4822-b194-1ec579ce6d0e', 56, 1, 0, 0, '2022-02-28 02:17:42', 0),
(110, 'f23aae3f-bdc2-49f6-b63b-3c106ee9740d', 57, 2, 0, 0, '2022-02-28 02:17:42', 0),
(111, 'f23aae3f-bdc2-49f6-b63b-3c106ee9740d', 57, 1, 0, 0, '2022-02-28 02:17:42', 0),
(112, 'f23aae3f-bdc2-49f6-b63b-3c106ee9740d', 57, 3, 0, 0, '2022-02-28 02:17:42', 0),
(113, 'f23aae3f-bdc2-49f6-b63b-3c106ee9740d', 57, 3, 0, 0, '2022-02-28 02:17:42', 0),
(114, 'f23aae3f-bdc2-49f6-b63b-3c106ee9740d', 57, 4, 0, 0, '2022-02-28 02:17:42', 0),
(115, 'f23aae3f-bdc2-49f6-b63b-3c106ee9740d', 57, 5, 0, 0, '2022-02-28 02:17:42', 0),
(116, 'c59a5b91-44ef-4e29-ad70-a29a79aaad70', 58, 2, 0, 0, '2022-02-28 02:17:42', 0),
(117, 'c59a5b91-44ef-4e29-ad70-a29a79aaad70', 58, 1, 0, 0, '2022-02-28 02:17:42', 0),
(118, 'c59a5b91-44ef-4e29-ad70-a29a79aaad70', 58, 3, 0, 0, '2022-02-28 02:17:42', 0),
(119, 'c59a5b91-44ef-4e29-ad70-a29a79aaad70', 58, 3, 0, 0, '2022-02-28 02:17:42', 0),
(120, 'c59a5b91-44ef-4e29-ad70-a29a79aaad70', 58, 4, 0, 0, '2022-02-28 02:17:42', 0),
(121, 'c59a5b91-44ef-4e29-ad70-a29a79aaad70', 58, 5, 0, 0, '2022-02-28 02:17:42', 0),
(122, 'cb92a5f9-0e4b-4993-bec7-71645fe28398', 67, 2, 0, 0, '2022-02-28 02:17:42', 0),
(123, '7a2feccd-22ad-4dda-be70-346772f956d2', 68, 2, 0, 0, '2022-02-28 02:17:42', 0),
(124, '7a2feccd-22ad-4dda-be70-346772f956d2', 68, 1, 0, 0, '2022-02-28 02:17:42', 0),
(125, '7a2feccd-22ad-4dda-be70-346772f956d2', 68, 3, 0, 0, '2022-02-28 02:17:42', 0),
(126, '7a2feccd-22ad-4dda-be70-346772f956d2', 68, 3, 0, 0, '2022-02-28 02:17:42', 0),
(127, 'd5cf2df3-4aa4-42b9-8eea-3d6b605e572f', 69, 2, 0, 0, '2022-02-28 02:17:42', 0),
(128, 'd5cf2df3-4aa4-42b9-8eea-3d6b605e572f', 69, 1, 0, 0, '2022-02-28 02:17:42', 0),
(129, 'd5cf2df3-4aa4-42b9-8eea-3d6b605e572f', 69, 3, 0, 0, '2022-02-28 02:17:42', 0),
(130, 'd5cf2df3-4aa4-42b9-8eea-3d6b605e572f', 69, 3, 0, 0, '2022-02-28 02:17:42', 0),
(131, '7f8ac1e4-18c0-41cd-8d0c-7df41fb3c899', 70, 2, 0, 0, '2022-02-28 02:17:42', 0),
(132, '7f8ac1e4-18c0-41cd-8d0c-7df41fb3c899', 70, 1, 0, 0, '2022-02-28 02:17:42', 0),
(133, '7f8ac1e4-18c0-41cd-8d0c-7df41fb3c899', 70, 3, 0, 0, '2022-02-28 02:17:42', 0),
(134, '7f8ac1e4-18c0-41cd-8d0c-7df41fb3c899', 70, 3, 0, 0, '2022-02-28 02:17:42', 0),
(135, 'f532186c-7f5a-4511-9b98-1951f568894a', 71, 2, 0, 0, '2022-02-28 02:17:42', 0),
(136, 'f532186c-7f5a-4511-9b98-1951f568894a', 71, 1, 0, 0, '2022-02-28 02:17:42', 0),
(137, 'f532186c-7f5a-4511-9b98-1951f568894a', 71, 3, 0, 0, '2022-02-28 02:17:42', 0),
(138, 'f532186c-7f5a-4511-9b98-1951f568894a', 71, 3, 0, 0, '2022-02-28 02:17:42', 0),
(139, 'b87b7107-9bd3-4fd2-8fcd-8c3077d705d2', 72, 1, 0, 0, '2022-02-28 02:17:42', 0),
(140, 'b87b7107-9bd3-4fd2-8fcd-8c3077d705d2', 72, 3, 0, 0, '2022-02-28 02:17:42', 0),
(141, 'b87b7107-9bd3-4fd2-8fcd-8c3077d705d2', 72, 3, 0, 0, '2022-02-28 02:17:42', 0),
(142, '9e95674b-1fbb-456c-9d0f-b203946f1749', 73, 1, 0, 0, '2022-02-28 02:17:42', 0),
(143, '9e95674b-1fbb-456c-9d0f-b203946f1749', 73, 2, 0, 0, '2022-02-28 02:17:42', 0),
(144, '9e95674b-1fbb-456c-9d0f-b203946f1749', 73, 3, 0, 0, '2022-02-28 02:17:42', 0),
(145, '9e95674b-1fbb-456c-9d0f-b203946f1749', 73, 3, 0, 0, '2022-02-28 02:17:42', 0),
(146, '17d1989c-1c7e-4662-ba60-f259874dfb40', 74, 2, 0, 0, '2022-02-28 02:17:42', 0),
(147, '17d1989c-1c7e-4662-ba60-f259874dfb40', 74, 3, 0, 0, '2022-02-28 02:17:42', 0),
(148, '8c1d2ec9-0cc4-4d4e-be94-2f9324447271', 76, 1, 0, 0, '2022-02-28 02:17:42', 0),
(149, '8c1d2ec9-0cc4-4d4e-be94-2f9324447271', 76, 3, 0, 0, '2022-02-28 02:17:42', 0),
(150, '6ecb74d2-35b0-42d4-874d-3af6aee48e89', 77, 3, 0, 0, '2022-02-28 02:17:42', 0),
(151, '6ecb74d2-35b0-42d4-874d-3af6aee48e89', 77, 1, 0, 0, '2022-02-28 02:17:42', 0),
(152, 'c61a0552-a2bf-4eab-9f90-ff3e3961588c', 78, 3, 0, 0, '2022-02-28 02:17:42', 0),
(153, 'c61a0552-a2bf-4eab-9f90-ff3e3961588c', 78, 3, 0, 0, '2022-02-28 02:17:42', 0),
(154, 'c61a0552-a2bf-4eab-9f90-ff3e3961588c', 78, 2, 0, 0, '2022-02-28 02:17:42', 0),
(155, 'c61a0552-a2bf-4eab-9f90-ff3e3961588c', 78, 1, 0, 0, '2022-02-28 02:17:42', 0),
(156, '53d2b4e8-cd48-4f9c-bf6d-1f74144a3158', 79, 1, 0, 0, '2022-02-28 02:17:42', 0),
(157, '53d2b4e8-cd48-4f9c-bf6d-1f74144a3158', 79, 2, 0, 0, '2022-02-28 02:17:42', 0),
(158, '53d2b4e8-cd48-4f9c-bf6d-1f74144a3158', 79, 3, 0, 0, '2022-02-28 02:17:42', 0),
(159, '53d2b4e8-cd48-4f9c-bf6d-1f74144a3158', 79, 3, 0, 0, '2022-02-28 02:17:42', 0),
(160, '98355188-897e-41a4-8260-1e8d9b63651f', 80, 1, 0, 0, '2022-02-28 02:17:42', 0),
(161, '98355188-897e-41a4-8260-1e8d9b63651f', 80, 2, 0, 0, '2022-02-28 02:17:42', 0),
(162, '98355188-897e-41a4-8260-1e8d9b63651f', 80, 3, 0, 0, '2022-02-28 02:17:42', 0),
(163, '98355188-897e-41a4-8260-1e8d9b63651f', 80, 3, 0, 0, '2022-02-28 02:17:42', 0),
(164, 'b4955b3d-0fe7-4bb6-88b9-9178d4ea31a1', 81, 1, 0, 0, '2022-02-28 02:17:42', 0),
(165, 'b4955b3d-0fe7-4bb6-88b9-9178d4ea31a1', 81, 2, 0, 0, '2022-02-28 02:17:42', 0),
(166, 'b4955b3d-0fe7-4bb6-88b9-9178d4ea31a1', 81, 3, 0, 0, '2022-02-28 02:17:42', 0),
(167, 'b4955b3d-0fe7-4bb6-88b9-9178d4ea31a1', 81, 3, 0, 0, '2022-02-28 02:17:42', 0),
(168, 'b4955b3d-0fe7-4bb6-88b9-9178d4ea31a1', 81, 4, 0, 0, '2022-02-28 02:17:42', 0),
(169, 'ed1662de-7960-4b9a-beb7-025046ec8888', 82, 2, 0, 0, '2022-02-28 02:17:42', 0),
(170, 'ed1662de-7960-4b9a-beb7-025046ec8888', 82, 3, 0, 0, '2022-02-28 02:17:42', 0),
(171, 'ed1662de-7960-4b9a-beb7-025046ec8888', 82, 3, 0, 0, '2022-02-28 02:17:42', 0),
(172, 'ed1662de-7960-4b9a-beb7-025046ec8888', 82, 3, 0, 0, '2022-02-28 02:17:42', 0),
(173, 'ed1662de-7960-4b9a-beb7-025046ec8888', 82, 3, 0, 0, '2022-02-28 02:17:42', 0),
(174, 'ed1662de-7960-4b9a-beb7-025046ec8888', 82, 1, 0, 0, '2022-02-28 02:17:42', 0),
(175, 'ed1662de-7960-4b9a-beb7-025046ec8888', 82, 4, 0, 0, '2022-02-28 02:17:42', 0),
(176, '7b46f547-aafd-4887-a4c6-46446d04b2be', 83, 2, 0, 0, '2022-02-28 02:17:42', 0),
(177, '7b46f547-aafd-4887-a4c6-46446d04b2be', 83, 3, 0, 0, '2022-02-28 02:17:42', 0),
(178, '7b46f547-aafd-4887-a4c6-46446d04b2be', 83, 3, 0, 0, '2022-02-28 02:17:42', 0),
(179, '7b46f547-aafd-4887-a4c6-46446d04b2be', 83, 4, 0, 0, '2022-02-28 02:17:42', 0),
(180, 'a374a287-cf83-4df6-901b-d4844c9a6259', 84, 2, 0, 0, '2022-02-28 02:17:42', 0),
(181, 'a374a287-cf83-4df6-901b-d4844c9a6259', 84, 3, 0, 0, '2022-02-28 02:17:42', 0),
(182, 'a374a287-cf83-4df6-901b-d4844c9a6259', 84, 3, 0, 0, '2022-02-28 02:17:42', 0),
(183, 'a374a287-cf83-4df6-901b-d4844c9a6259', 84, 4, 0, 0, '2022-02-28 02:17:42', 0),
(184, 'a374a287-cf83-4df6-901b-d4844c9a6259', 84, 1, 0, 0, '2022-02-28 02:17:42', 0),
(185, '09539c1d-ec9a-4c11-addf-40c24bb83afe', 85, 2, 0, 0, '2022-02-28 02:17:42', 0),
(186, '09539c1d-ec9a-4c11-addf-40c24bb83afe', 85, 3, 0, 0, '2022-02-28 02:17:42', 0),
(187, '09539c1d-ec9a-4c11-addf-40c24bb83afe', 85, 3, 0, 0, '2022-02-28 02:17:42', 0),
(188, '09539c1d-ec9a-4c11-addf-40c24bb83afe', 85, 1, 0, 0, '2022-02-28 02:17:42', 0),
(189, '09539c1d-ec9a-4c11-addf-40c24bb83afe', 85, 3, 0, 0, '2022-02-28 02:17:42', 0),
(190, '09539c1d-ec9a-4c11-addf-40c24bb83afe', 85, 3, 0, 0, '2022-02-28 02:17:42', 0),
(191, '09539c1d-ec9a-4c11-addf-40c24bb83afe', 85, 3, 0, 0, '2022-02-28 02:17:42', 0),
(192, '09539c1d-ec9a-4c11-addf-40c24bb83afe', 85, 3, 0, 0, '2022-02-28 02:17:42', 0),
(193, '09539c1d-ec9a-4c11-addf-40c24bb83afe', 85, 4, 0, 0, '2022-02-28 02:17:42', 0),
(194, '00ea088d-c548-4803-9389-e8bdbb60fcdf', 88, 2, 0, 0, '2022-02-28 02:17:42', 0),
(195, '00ea088d-c548-4803-9389-e8bdbb60fcdf', 88, 3, 0, 0, '2022-02-28 02:17:42', 0),
(196, '00ea088d-c548-4803-9389-e8bdbb60fcdf', 88, 3, 0, 0, '2022-02-28 02:17:42', 0),
(197, '00ea088d-c548-4803-9389-e8bdbb60fcdf', 88, 1, 0, 0, '2022-02-28 02:17:42', 0),
(198, '00ea088d-c548-4803-9389-e8bdbb60fcdf', 88, 3, 0, 0, '2022-02-28 02:17:42', 0),
(199, '00ea088d-c548-4803-9389-e8bdbb60fcdf', 88, 3, 0, 0, '2022-02-28 02:17:42', 0),
(200, '00ea088d-c548-4803-9389-e8bdbb60fcdf', 88, 4, 0, 0, '2022-02-28 02:17:42', 0),
(201, '8d799ba0-fb9e-480e-bd18-2e991219ba43', 89, 1, 0, 0, '2022-02-28 02:17:42', 0),
(202, '8d799ba0-fb9e-480e-bd18-2e991219ba43', 89, 3, 0, 0, '2022-02-28 02:17:42', 0),
(203, '8d799ba0-fb9e-480e-bd18-2e991219ba43', 89, 3, 0, 0, '2022-02-28 02:17:42', 0),
(204, '38a37c21-93e6-40ab-9bde-6311580c9e7b', 91, 2, 0, 0, '2022-02-28 02:17:42', 0),
(205, '38a37c21-93e6-40ab-9bde-6311580c9e7b', 91, 3, 0, 0, '2022-02-28 02:17:42', 0),
(206, '38a37c21-93e6-40ab-9bde-6311580c9e7b', 91, 3, 0, 0, '2022-02-28 02:17:42', 0),
(207, '38a37c21-93e6-40ab-9bde-6311580c9e7b', 91, 1, 0, 0, '2022-02-28 02:17:42', 0),
(208, '38a37c21-93e6-40ab-9bde-6311580c9e7b', 91, 4, 0, 0, '2022-02-28 02:17:42', 0),
(209, '586762e6-78a9-49fb-ade6-f3dc00949947', 92, 3, 0, 0, '2022-02-28 02:17:42', 0),
(210, '586762e6-78a9-49fb-ade6-f3dc00949947', 92, 1, 0, 0, '2022-02-28 02:17:42', 0),
(211, '97ImperiumLine', 97, 2, 0, 0, '2022-02-28 02:17:42', 0),
(212, '97ImperiumLine', 97, 3, 0, 0, '2022-02-28 02:17:42', 0),
(213, '98ImperiumLine', 98, 2, 0, 0, '2022-02-28 02:17:42', 0),
(214, '98ImperiumLine', 98, 3, 0, 0, '2022-02-28 02:17:42', 0),
(215, 'uqDOXeDWYJCyxDB99QAZ', 99, 2, 0, 0, '2022-02-28 02:17:42', 0),
(216, 'uqDOXeDWYJCyxDB99QAZ', 99, 3, 0, 0, '2022-02-28 02:17:42', 0),
(217, 'uqDOXeDWYJCyxDB99QAZ', 99, 3, 0, 0, '2022-02-28 02:17:42', 0),
(218, 'uqDOXeDWYJCyxDB99QAZ', 99, 1, 0, 0, '2022-02-28 02:17:42', 0),
(219, 'uqDOXeDWYJCyxDB99QAZ', 99, 4, 0, 0, '2022-02-28 02:17:42', 0),
(220, 'KfRN70vQ4a5VlnjrOU61', 100, 2, 0, 0, '2022-02-28 02:17:42', 0),
(221, 'KfRN70vQ4a5VlnjrOU61', 100, 1, 0, 0, '2022-02-28 02:17:42', 0),
(222, 'KfRN70vQ4a5VlnjrOU61', 100, 3, 0, 0, '2022-02-28 02:17:42', 0),
(223, 'KfRN70vQ4a5VlnjrOU61', 100, 3, 0, 0, '2022-02-28 02:17:42', 0),
(224, 'KfRN70vQ4a5VlnjrOU61', 100, 4, 0, 0, '2022-02-28 02:17:42', 0),
(225, 'JMeSpTHZZUatNfjigUoH', 101, 1, 0, 0, '2022-02-28 02:17:42', 0),
(226, 'JMeSpTHZZUatNfjigUoH', 101, 3, 0, 0, '2022-02-28 02:17:42', 0),
(227, 'eUHQ52zQsq1pxPIjUTZ8', 103, 1, 0, 0, '2022-02-28 02:17:42', 0),
(228, 'eUHQ52zQsq1pxPIjUTZ8', 103, 3, 0, 0, '2022-02-28 02:17:42', 0),
(229, 'eUHQ52zQsq1pxPIjUTZ8', 103, 3, 0, 0, '2022-02-28 02:17:42', 0),
(230, 'YZWik2zUfDuvS4Kv3qEe', 106, 2, 0, 0, '2022-02-28 02:17:42', 0),
(231, 'WssFh9qW0a8H54tgwTv4', 107, 3, 0, 0, '2022-02-28 02:17:42', 0),
(232, 'KjjFqD7orQUEXxCiWQOh', 108, 3, 0, 0, '2022-02-28 02:17:42', 0),
(233, 'KjjFqD7orQUEXxCiWQOh', 108, 3, 0, 0, '2022-02-28 02:17:42', 0),
(234, 'U8XZDAs5gpNdeOVJABrF', 114, 2, 0, 0, '2022-02-28 02:17:42', 0),
(235, 'U8XZDAs5gpNdeOVJABrF', 114, 3, 0, 0, '2022-02-28 02:17:42', 0),
(236, 'T8euRmaCvkUPoZuDVnoq', 115, 2, 0, 0, '2022-02-28 02:17:42', 0),
(237, 'T8euRmaCvkUPoZuDVnoq', 115, 3, 0, 0, '2022-02-28 02:17:42', 0),
(238, 'ESB0OL3opz6e9TdPaQPr', 116, 3, 0, 0, '2022-02-28 02:17:42', 0),
(239, 'ESB0OL3opz6e9TdPaQPr', 116, 4, 0, 0, '2022-02-28 02:17:42', 0),
(240, 'TDtQneMIGuRMN8TIZOad', 117, 3, 0, 0, '2022-02-28 02:17:42', 0),
(241, 'TDtQneMIGuRMN8TIZOad', 117, 2, 0, 0, '2022-02-28 02:17:42', 0),
(242, '2vKpST531ATdsQrXghUS', 118, 2, 0, 0, '2022-02-28 02:17:42', 0),
(243, '2vKpST531ATdsQrXghUS', 118, 3, 0, 0, '2022-02-28 02:17:42', 0),
(244, 'loXjCJpnWrBxEMlR20Ql', 119, 4, 0, 0, '2022-02-28 02:17:42', 0),
(245, 'rFCeyaGrwGnuew0IeKwi', 120, 3, 0, 0, '2022-02-28 02:17:42', 0),
(246, 'RaSh3EJFqjpkwIimOTT8', 121, 3, 0, 0, '2022-02-28 02:17:42', 0),
(247, '6HDThDvybmd8FXLWarBB', 122, 3, 0, 0, '2022-02-28 02:17:42', 0),
(248, '2gpjTmADAVZP8lT3k20a', 123, 3, 0, 0, '2022-02-28 02:17:42', 0),
(249, 'yGx78ecqq9vYf6OlV6yq', 124, 3, 0, 0, '2022-02-28 02:17:42', 0),
(250, 'pPVkxZhHbXcZDPBnwjEf', 125, 3, 0, 0, '2022-02-28 02:17:42', 0),
(251, 'o074i0PJ105AIQLRncG4', 126, 3, 0, 0, '2022-02-28 02:17:42', 0),
(252, '7nIcZYlCO8yeOvewTVVZ', 127, 3, 0, 0, '2022-02-28 02:17:42', 0),
(253, 'oH9mATYTQYYFgfI9UQcq', 128, 3, 0, 0, '2022-02-28 02:17:42', 0),
(254, 'psD1h6pfx0hvDAH4kMCW', 129, 3, 0, 0, '2022-02-28 02:17:42', 0),
(255, 'psD1h6pfx0hvDAH4kMCW', 129, 2, 0, 0, '2022-02-28 02:17:42', 0),
(256, 'McIfO5ISvoeStGll2BRz', 130, 3, 0, 0, '2022-02-28 02:17:42', 0),
(257, 'McIfO5ISvoeStGll2BRz', 130, 2, 0, 0, '2022-02-28 02:17:42', 0),
(258, 'kn2tTlgkGCQqLmC3BbPe', 131, 3, 0, 0, '2022-02-28 02:17:42', 0),
(259, 'kn2tTlgkGCQqLmC3BbPe', 131, 2, 0, 0, '2022-02-28 02:17:42', 0),
(260, '38Rez7y7DDcxE2zAgHL0', 132, 3, 0, 0, '2022-02-28 02:17:42', 0),
(261, '38Rez7y7DDcxE2zAgHL0', 132, 2, 0, 0, '2022-02-28 02:17:42', 0),
(262, '0mp1wi1yh6rErZisRvmR', 133, 3, 0, 0, '2022-02-28 02:17:42', 0),
(263, '0mp1wi1yh6rErZisRvmR', 133, 2, 0, 0, '2022-02-28 02:17:42', 0),
(264, 'fLw1Tvkx3JmRQ4dIb8XK', 134, 3, 0, 0, '2022-02-28 02:17:42', 0),
(265, 'fLw1Tvkx3JmRQ4dIb8XK', 134, 2, 0, 0, '2022-02-28 02:17:42', 0),
(266, 'HODDaAyd503ih4kFijrY', 135, 3, 0, 0, '2022-02-28 02:17:42', 0),
(267, 'HODDaAyd503ih4kFijrY', 135, 2, 0, 0, '2022-02-28 02:17:42', 0),
(268, 'fuZq5RrfmZODFF8jQ1d6', 136, 3, 0, 0, '2022-02-28 02:17:42', 0),
(269, 'fuZq5RrfmZODFF8jQ1d6', 136, 4, 0, 0, '2022-02-28 02:17:42', 0),
(270, 'V2ewpAmVBNBSnznGcmM2', 137, 4, 0, 0, '2022-02-28 02:17:42', 0),
(271, 'WWYRsnCu66r63hFyXUXB', 138, 4, 0, 0, '2022-02-28 02:17:42', 0),
(272, 'WWYRsnCu66r63hFyXUXB', 138, 3, 0, 0, '2022-02-28 02:17:42', 0),
(273, 'bdiaRYEi8fExfZS7qztD', 139, 3, 0, 0, '2022-02-28 02:17:42', 0),
(274, '28YjcUuWb3BZs7TWYqaB', 140, 3, 0, 0, '2022-02-28 02:17:42', 0),
(275, '4cd2iPinpEVKIoru6ucz', 141, 3, 0, 0, '2022-02-28 02:17:42', 0),
(276, 'wVm4gqPv8aSyvChUQwPi', 142, 4, 0, 0, '2022-02-28 02:17:42', 0),
(277, 'wVm4gqPv8aSyvChUQwPi', 142, 3, 0, 0, '2022-02-28 02:17:42', 0),
(278, 'FklVE0hrhdroqMoicDMI', 143, 3, 0, 0, '2022-02-28 02:17:42', 0),
(279, 'FklVE0hrhdroqMoicDMI', 143, 4, 0, 0, '2022-02-28 02:17:42', 0),
(280, 'ZfWgd8HK02jdVzkh07Z0', 144, 4, 0, 0, '2022-02-28 02:17:42', 0),
(281, 'ZfWgd8HK02jdVzkh07Z0', 144, 2, 0, 0, '2022-02-28 02:17:42', 0),
(282, 'wnYSVbHtqTihYWvjOvW3', 145, 4, 0, 0, '2022-02-28 02:17:42', 0),
(283, '7HQpcmUvXYzsWp5nOvgh', 146, 2, 0, 0, '2022-02-28 02:17:42', 0),
(284, '7HQpcmUvXYzsWp5nOvgh', 146, 3, 0, 0, '2022-02-28 02:17:42', 0),
(285, 'diIyfzD4DUtKCdUqZRMw', 147, 3, 0, 0, '2022-02-28 02:17:42', 0),
(286, 'diIyfzD4DUtKCdUqZRMw', 147, 4, 0, 0, '2022-02-28 02:17:42', 0),
(287, 'e9N8xlGywemkIlE9M05e', 148, 3, 0, 0, '2022-02-28 02:17:42', 0),
(288, 'e9N8xlGywemkIlE9M05e', 148, 4, 0, 0, '2022-02-28 02:17:42', 0),
(289, 'xFTbPtTFgv1b1wRKgALa', 149, 4, 0, 0, '2022-02-28 02:17:42', 0),
(290, 'xFTbPtTFgv1b1wRKgALa', 149, 3, 0, 0, '2022-02-28 02:17:42', 0),
(291, 'ovRUhUbp3fLCrRJ3eQQf', 150, 4, 0, 0, '2022-02-28 02:17:42', 0),
(292, 'ovRUhUbp3fLCrRJ3eQQf', 150, 3, 0, 0, '2022-02-28 02:17:42', 0),
(293, '3zBy5G8lbmawtWh49zZQ', 151, 3, 0, 0, '2022-02-28 02:17:42', 0),
(294, '3zBy5G8lbmawtWh49zZQ', 151, 4, 0, 0, '2022-02-28 02:17:42', 0),
(295, '7y6ftnC1FoPIQbV10Qqe', 152, 2, 0, 0, '2022-02-28 02:17:42', 0),
(296, '7y6ftnC1FoPIQbV10Qqe', 152, 3, 0, 0, '2022-02-28 02:17:42', 0),
(297, 'vMHD1OG8xiczWIsfQ1IB', 153, 2, 0, 0, '2022-02-28 02:17:42', 0),
(298, 'vMHD1OG8xiczWIsfQ1IB', 153, 3, 0, 0, '2022-02-28 02:17:42', 0),
(299, '', 154, 2, 0, 0, '2022-02-28 02:17:42', 0),
(300, 'oObEA3SXsCx0ZmUZNeD6', 155, 2, 0, 0, '2022-02-28 02:17:42', 0),
(301, 'oObEA3SXsCx0ZmUZNeD6', 155, 1, 0, 0, '2022-02-28 02:17:42', 0),
(302, 'D4yYH53sClDFYowSiJ7m', 156, 2, 0, 0, '2022-02-28 02:17:42', 0),
(303, 'FQFsX9Lbe0KZrb2iTSRd', 157, 3, 0, 0, '2022-02-28 02:17:42', 0),
(304, 'FQFsX9Lbe0KZrb2iTSRd', 157, 2, 0, 0, '2022-02-28 02:17:42', 0),
(305, '7256UyusVggNEJG7EbCu', 158, 3, 0, 0, '2022-02-28 02:17:42', 0),
(306, '7256UyusVggNEJG7EbCu', 158, 2, 0, 0, '2022-02-28 02:17:42', 0),
(307, 'JJHv7XgtuDHqLv6S1Fp4', 159, 2, 0, 0, '2022-02-28 02:17:42', 0),
(308, 'nZyou6NaY2CcnrH5zTgG', 160, 2, 0, 0, '2022-02-28 02:17:42', 0),
(309, 'WCNXF7XZ07AhhNdz87hq', 161, 2, 0, 0, '2022-02-28 02:17:42', 0),
(310, '50IdeG91r8EJljJTI2fR', 162, 2, 0, 0, '2022-02-28 02:17:42', 0),
(311, 's9aVxsEiczObIxXXHsMY', 163, 4, 0, 0, '2022-02-28 02:17:42', 0),
(312, '1T0BSONTuTk0z9WHPvUR', 164, 2, 0, 0, '2022-02-28 02:17:42', 0),
(313, '1T0BSONTuTk0z9WHPvUR', 164, 3, 0, 0, '2022-02-28 02:17:42', 0),
(314, 'lEPO2bnn99HJBgChF0pF', 165, 3, 0, 0, '2022-02-28 02:17:42', 0),
(315, 'lEPO2bnn99HJBgChF0pF', 165, 2, 0, 0, '2022-02-28 02:17:42', 0),
(316, 'p5YGjPot36Rx8xk6j9dU', 166, 3, 0, 0, '2022-02-28 02:17:42', 0),
(317, 'p5YGjPot36Rx8xk6j9dU', 166, 2, 0, 0, '2022-02-28 02:17:42', 0),
(318, 'Nu3uMOwNCpRgxYivDg3K', 167, 2, 0, 0, '2022-02-28 02:17:42', 0),
(319, 'Nu3uMOwNCpRgxYivDg3K', 167, 3, 0, 0, '2022-02-28 02:17:42', 0),
(320, 'WgTQJw0hjA2hOA6O7rNW', 168, 2, 0, 0, '2022-02-28 02:17:42', 0),
(321, 'WgTQJw0hjA2hOA6O7rNW', 168, 4, 0, 0, '2022-02-28 02:17:42', 0),
(322, 'GLwc2lnJ1O1bhSpuC2G5', 169, 4, 0, 0, '2022-02-28 02:17:42', 0),
(323, 'GLwc2lnJ1O1bhSpuC2G5', 169, 1, 0, 0, '2022-02-28 02:17:42', 0),
(324, 'UoyEjimiAicchUy9GYdJ', 170, 4, 0, 0, '2022-02-28 02:17:42', 0),
(325, 'UoyEjimiAicchUy9GYdJ', 170, 1, 0, 0, '2022-02-28 02:17:42', 0),
(326, 'zUQKhg1PAVSUuTOUwrAv', 171, 4, 0, 0, '2022-02-28 02:17:42', 0),
(327, 'zUQKhg1PAVSUuTOUwrAv', 171, 1, 0, 0, '2022-02-28 02:17:42', 0),
(328, 'QB5egwkZlpLk67SLaHiA', 172, 1, 0, 0, '2022-02-28 02:17:42', 0),
(329, 'QB5egwkZlpLk67SLaHiA', 172, 4, 0, 0, '2022-02-28 02:17:42', 0),
(330, 'FrSqM4YseMqpKehm1wxA', 173, 4, 0, 0, '2022-02-28 02:17:42', 0),
(331, 'FrSqM4YseMqpKehm1wxA', 173, 1, 0, 0, '2022-02-28 02:17:42', 0),
(332, 'rBACcWYUC3Z5wR4nXnS9', 174, 4, 0, 0, '2022-02-28 02:17:42', 0),
(333, 'rBACcWYUC3Z5wR4nXnS9', 174, 1, 0, 0, '2022-02-28 02:17:42', 0),
(334, 'xpeT8YkSUVcXmiyMjtpR', 175, 4, 0, 0, '2022-02-28 02:17:42', 0),
(335, 'xpeT8YkSUVcXmiyMjtpR', 175, 1, 0, 0, '2022-02-28 02:17:42', 0),
(336, 'K0grifgnCvaf7HWU5W1p', 177, 1, 0, 0, '2022-02-28 02:17:42', 0),
(337, 'K0grifgnCvaf7HWU5W1p', 177, 4, 0, 0, '2022-02-28 02:17:42', 0),
(338, 'K0grifgnCvaf7HWU5W1p', 177, 2, 0, 0, '2022-02-28 02:17:42', 0),
(339, 'QmSmadkaQsFgX6BaQ0cZ', 178, 1, 0, 0, '2022-02-28 02:17:42', 0),
(340, 'QmSmadkaQsFgX6BaQ0cZ', 178, 4, 0, 0, '2022-02-28 02:17:42', 0),
(341, 'QmSmadkaQsFgX6BaQ0cZ', 178, 2, 0, 0, '2022-02-28 02:17:42', 0),
(342, 'WkxQxFrBJvJbBLDp6eBp', 179, 4, 0, 0, '2022-02-28 02:17:42', 0),
(343, 'WkxQxFrBJvJbBLDp6eBp', 179, 1, 0, 0, '2022-02-28 02:17:42', 0),
(344, 'KPl5DILEVZubHR4dakMW', 180, 2, 0, 0, '2022-02-28 02:17:42', 0),
(345, 'KPl5DILEVZubHR4dakMW', 180, 1, 0, 0, '2022-02-28 02:17:42', 0),
(346, 'JLDnfl7T2O8y8r5NRdd6', 181, 1, 0, 0, '2022-02-28 02:17:42', 0),
(347, 'JLDnfl7T2O8y8r5NRdd6', 181, 2, 0, 0, '2022-02-28 02:17:42', 0),
(348, 'JLDnfl7T2O8y8r5NRdd6', 181, 4, 0, 0, '2022-02-28 02:17:42', 0),
(349, 'U8cO2mxjM5pjBkejQmwM', 182, 2, 0, 0, '2022-02-28 02:17:42', 0),
(350, 'U8cO2mxjM5pjBkejQmwM', 182, 3, 0, 0, '2022-02-28 02:17:42', 0),
(351, 'ujh5nJLWBoiJcTlxrdKK', 183, 3, 0, 0, '2022-02-28 02:17:42', 0),
(352, 'ujh5nJLWBoiJcTlxrdKK', 183, 3, 0, 0, '2022-02-28 02:17:42', 0),
(353, 'ujh5nJLWBoiJcTlxrdKK', 183, 2, 0, 0, '2022-02-28 02:17:42', 0),
(354, 'VXUfPLlf2mPCcs7THpUu', 185, 4, 0, 0, '2022-02-28 02:17:42', 0),
(355, 'VXUfPLlf2mPCcs7THpUu', 185, 3, 0, 0, '2022-02-28 02:17:42', 0),
(356, 'kONdebj4uL4dQoENc2u9', 186, 1, 0, 0, '2022-02-28 02:17:42', 0),
(357, 'kONdebj4uL4dQoENc2u9', 186, 4, 0, 0, '2022-02-28 02:17:42', 0),
(358, '5CSwYpQSJuIg9dP1ZfMp', 187, 4, 0, 0, '2022-02-28 02:17:42', 0),
(359, '5CSwYpQSJuIg9dP1ZfMp', 187, 1, 0, 0, '2022-02-28 02:17:42', 0),
(360, 'CMJp35qG8trrQRCUIscS', 188, 1, 0, 0, '2022-02-28 02:17:42', 0),
(361, 'CMJp35qG8trrQRCUIscS', 188, 4, 0, 0, '2022-02-28 02:17:42', 0),
(362, 'nnuXDiqCr6lrLREIIpae', 189, 1, 0, 0, '2022-02-28 02:17:42', 0),
(363, 'nnuXDiqCr6lrLREIIpae', 189, 4, 0, 0, '2022-02-28 02:17:42', 0),
(364, 'PAAWNheegU647h2MGUKI', 190, 1, 0, 0, '2022-02-28 02:17:42', 0),
(365, 'PAAWNheegU647h2MGUKI', 190, 4, 0, 0, '2022-02-28 02:17:42', 0),
(366, 'SIDIQrKK01UzPmEqIbm5', 191, 3, 0, 0, '2022-02-28 02:17:42', 0),
(367, 'SIDIQrKK01UzPmEqIbm5', 191, 3, 0, 0, '2022-02-28 02:17:42', 0),
(368, 'SIDIQrKK01UzPmEqIbm5', 191, 2, 0, 0, '2022-02-28 02:17:42', 0),
(369, 'PeL6ZnTqCGRHRuBFchRs', 192, 4, 0, 0, '2022-02-28 02:17:42', 0),
(370, 'PeL6ZnTqCGRHRuBFchRs', 192, 2, 0, 0, '2022-02-28 02:17:42', 0),
(371, 'lmzaJJKOPfpe1ja6MPyi', 193, 3, 0, 0, '2022-02-28 02:17:42', 0),
(372, 'lmzaJJKOPfpe1ja6MPyi', 193, 3, 0, 0, '2022-02-28 02:17:42', 0),
(373, 'lmzaJJKOPfpe1ja6MPyi', 193, 2, 0, 0, '2022-02-28 02:17:42', 0),
(374, 'lmzaJJKOPfpe1ja6MPyi', 193, 4, 0, 0, '2022-02-28 02:17:42', 0),
(375, 'y2mUVzUkinqnTj8jH6e3', 194, 2, 0, 0, '2022-02-28 02:17:42', 0),
(376, 'DhhAykb6mmJCxHOXpRQ5', 195, 2, 0, 0, '2022-02-28 02:17:42', 0),
(377, 'DhhAykb6mmJCxHOXpRQ5', 195, 4, 0, 0, '2022-02-28 02:17:42', 0),
(378, 'DhhAykb6mmJCxHOXpRQ5', 195, 2, 0, 0, '2022-02-28 02:17:42', 0),
(379, '6Yl9nMYvxgLR5ACZDM8I', 196, 4, 0, 0, '2022-02-28 02:17:42', 0),
(380, 'Lh8kdPq4IpLO9zoQofG6', 197, 4, 0, 0, '2022-02-28 02:17:42', 0),
(381, 'rzlEdriM3dJ9YNBbRqgQ', 198, 4, 0, 0, '2022-02-28 02:17:42', 0),
(382, 'hmsgo3nfuhkBqHIMuhqW', 199, 2, 0, 0, '2022-02-28 02:17:42', 0),
(383, 'UhfAQEsC305ZDkwqjqcg', 200, 2, 0, 0, '2022-02-28 02:17:42', 0),
(384, 'yrTmMoJVB3vppJNKBg7H', 201, 2, 0, 0, '2022-02-28 02:17:42', 0),
(385, 'nx45l7YjyJPigwytUE4S', 202, 2, 0, 0, '2022-02-28 02:17:42', 0),
(386, '0BGFUengZgfpBZHSLcG3', 203, 2, 0, 0, '2022-02-28 02:17:42', 0),
(387, 'PPksA2FK5ULfbuFRAZKz', 204, 2, 0, 0, '2022-02-28 02:17:42', 0),
(388, 'PPksA2FK5ULfbuFRAZKz', 204, 2, 0, 0, '2022-02-28 02:17:42', 0),
(389, '0WX8Bgg2dypBRRvvDh4e', 205, 2, 0, 0, '2022-02-28 02:17:42', 0),
(390, 'bAyvPjIJV6jFYz2GpuW8', 208, 2, 0, 0, '2022-02-28 02:17:42', 0),
(391, 'ZDQVWQ10aLRocwOO6JXJ', 220, 4, 0, 0, '2022-02-28 02:17:42', 0),
(392, '2GBpYPoeZHgc4qGpfGGd', 221, 4, 0, 0, '2022-02-28 02:17:42', 0),
(393, 'g4of5mwcIwd4uYzYn5jV', 222, 2, 0, 0, '2022-02-28 02:17:42', 0),
(394, 'fy49AWkuP6m7NnCVb6b0', 223, 4, 0, 0, '2022-02-28 02:17:42', 0),
(395, 'rFNjv87Fb0A8qeM5uUZF', 224, 2, 0, 0, '2022-02-28 02:17:42', 0),
(396, 's3htSura2BoXdZlbkMKG', 225, 2, 0, 0, '2022-02-28 02:17:42', 0),
(397, 'BktwNx7d1rbotIeP9UrL', 226, 2, 0, 0, '2022-02-28 02:17:42', 0),
(398, '9PuvMX0yDS9QQaiK8ok5', 227, 2, 0, 0, '2022-02-28 02:17:42', 0),
(399, 'ucHYxfjN4YiLacMZnpo0', 228, 2, 0, 0, '2022-02-28 02:17:42', 0),
(400, '6dxIPwAvKvly0o9juv9D', 229, 2, 0, 0, '2022-02-28 02:17:42', 0),
(401, 'HM3DHE9J9NLCi9xBaq7A', 230, 2, 0, 0, '2022-02-28 02:17:42', 0),
(402, 'fyoTChO6rCjj7POODIJb', 231, 2, 0, 0, '2022-02-28 02:17:42', 0),
(403, 'fcNZUcHbyTBKqGIlX2J5', 232, 2, 0, 0, '2022-02-28 02:17:42', 0),
(404, 'yjpLr6iO1JjznlvK3k4z', 233, 4, 0, 0, '2022-02-28 02:17:42', 0),
(405, 'yjpLr6iO1JjznlvK3k4z', 233, 2, 0, 0, '2022-02-28 02:17:42', 0),
(406, 'IU59M65mqpwHMiGGqeqS', 234, 4, 0, 0, '2022-02-28 02:17:42', 0),
(407, 'IU59M65mqpwHMiGGqeqS', 234, 2, 0, 0, '2022-02-28 02:17:42', 0),
(408, 'f3VrIyy0kmVhXQqeZkQP', 235, 4, 0, 0, '2022-02-28 02:17:42', 0),
(409, 'f3VrIyy0kmVhXQqeZkQP', 235, 2, 0, 0, '2022-02-28 02:17:42', 0),
(410, '6maJ62XyP8lYZ26q7MAV', 236, 4, 0, 0, '2022-02-28 02:17:42', 0),
(411, '6maJ62XyP8lYZ26q7MAV', 236, 2, 0, 0, '2022-02-28 02:17:42', 0),
(412, 'XOVBV0F1X9VifOrarxNe', 237, 3, 0, 0, '2022-02-28 02:17:42', 0),
(413, 'XOVBV0F1X9VifOrarxNe', 237, 3, 0, 0, '2022-02-28 02:17:42', 0),
(414, 'XOVBV0F1X9VifOrarxNe', 237, 4, 0, 0, '2022-02-28 02:17:42', 0),
(415, '4fqBywMrRBdyUx2IamHP', 238, 4, 0, 0, '2022-02-28 02:17:42', 0),
(416, '4fqBywMrRBdyUx2IamHP', 238, 3, 0, 0, '2022-02-28 02:17:42', 0),
(417, '4fqBywMrRBdyUx2IamHP', 238, 3, 0, 0, '2022-02-28 02:17:42', 0),
(418, 'oDPOuBUdVgrBmkgWUf6y', 244, 4, 0, 0, '2022-02-28 02:17:42', 0),
(419, 'MFhHbhIhxqIHrpU3nPmw', 245, 3, 0, 0, '2022-02-28 02:17:42', 0),
(420, 'Z2JUPnzTjEMoawVcTkha', 247, 4, 0, 0, '2022-02-28 02:17:42', 0),
(421, 'TpfmohaPy4Nl9sg50BIE', 248, 4, 0, 0, '2022-02-28 02:17:42', 0),
(422, '2bVxCi53JARP12rfphO1', 249, 3, 0, 0, '2022-02-28 02:17:42', 0),
(423, 'fUvrdRQk20DfNqSWUI76', 250, 3, 0, 0, '2022-02-28 02:17:42', 0),
(424, '5ZnXZwC7h8Xh1SY6jmR0', 251, 3, 0, 0, '2022-02-28 02:17:42', 0),
(425, '5ZnXZwC7h8Xh1SY6jmR0', 251, 3, 0, 0, '2022-02-28 02:17:42', 0),
(426, '0mefRAXOXmQpt2Hjg0wK', 252, 3, 0, 0, '2022-02-28 02:17:42', 0),
(427, '0mefRAXOXmQpt2Hjg0wK', 252, 3, 0, 0, '2022-02-28 02:17:42', 0),
(428, '0mefRAXOXmQpt2Hjg0wK', 252, 4, 0, 0, '2022-02-28 02:17:42', 0),
(429, 'iIjPCXhOqXHWz2sCciYA', 253, 3, 0, 0, '2022-02-28 02:17:42', 0),
(430, 'iIjPCXhOqXHWz2sCciYA', 253, 3, 0, 0, '2022-02-28 02:17:42', 0),
(431, 'iIjPCXhOqXHWz2sCciYA', 253, 4, 0, 0, '2022-02-28 02:17:42', 0),
(432, 'lNcHZr4hMI6LcH23NBlj', 254, 2, 0, 0, '2022-02-28 02:17:42', 0),
(433, 'lNcHZr4hMI6LcH23NBlj', 254, 3, 0, 0, '2022-02-28 02:17:42', 0),
(434, 'lNcHZr4hMI6LcH23NBlj', 254, 3, 0, 0, '2022-02-28 02:17:42', 0),
(435, 'OH3UhMSlbaP0mdJAGL3z', 255, 2, 0, 0, '2022-02-28 02:17:42', 0),
(436, 'OH3UhMSlbaP0mdJAGL3z', 255, 4, 0, 0, '2022-02-28 02:17:42', 0),
(437, 'rGnmH1Ih8Ud6J6ZGalaG', 256, 3, 0, 0, '2022-02-28 02:17:42', 0),
(438, 'rGnmH1Ih8Ud6J6ZGalaG', 256, 3, 0, 0, '2022-02-28 02:17:42', 0),
(439, 'rGnmH1Ih8Ud6J6ZGalaG', 256, 2, 0, 0, '2022-02-28 02:17:42', 0),
(440, 'l6ouiZu3VdtPDXU3i64L', 257, 4, 0, 0, '2022-02-28 02:17:42', 0),
(441, 'l6ouiZu3VdtPDXU3i64L', 257, 2, 0, 0, '2022-02-28 02:17:42', 0),
(442, 'ZLnJHtlmM7TmB04E9Z7r', 258, 3, 0, 0, '2022-02-28 02:17:42', 0),
(443, 'ZLnJHtlmM7TmB04E9Z7r', 258, 3, 0, 0, '2022-02-28 02:17:42', 0),
(444, 'ZLnJHtlmM7TmB04E9Z7r', 258, 4, 0, 0, '2022-02-28 02:17:42', 0),
(445, 'tHxzIEHcb9ZhYjS07H3N', 259, 4, 0, 0, '2022-02-28 02:17:42', 0),
(446, 'tHxzIEHcb9ZhYjS07H3N', 259, 3, 0, 0, '2022-02-28 02:17:42', 0),
(447, 'tHxzIEHcb9ZhYjS07H3N', 259, 3, 0, 0, '2022-02-28 02:17:42', 0),
(448, 'NazHA8kCTMseChk34zx0', 261, 4, 0, 0, '2022-02-28 02:17:42', 0),
(449, 'vG7mqSdvqDRHbW35A7OV', 262, 4, 0, 0, '2022-02-28 02:17:42', 0),
(450, 'pqA1WRlR9kiDuu4bgZd0', 263, 4, 0, 0, '2022-02-28 02:17:42', 0),
(451, 'LLnMb9du2kBECJivbhrw', 264, 8, 0, 0, '2022-02-28 02:17:42', 0),
(452, 'j2KcsG9tgx7zZ3EkRxrl', 265, 2, 0, 0, '2022-02-28 02:17:42', 0),
(453, 'j2KcsG9tgx7zZ3EkRxrl', 265, 3, 0, 0, '2022-02-28 02:17:42', 0),
(454, 'j2KcsG9tgx7zZ3EkRxrl', 265, 3, 0, 0, '2022-02-28 02:17:42', 0),
(455, 'PX5QbmHOlyCKL6uNZDcD', 266, 3, 0, 0, '2022-02-28 02:17:42', 0),
(456, 'PX5QbmHOlyCKL6uNZDcD', 266, 3, 0, 0, '2022-02-28 02:17:42', 0),
(457, 'PX5QbmHOlyCKL6uNZDcD', 266, 2, 0, 0, '2022-02-28 02:17:42', 0),
(458, 'aUz4bpVyUy82S8bChyUd', 267, 3, 0, 0, '2022-02-28 02:17:42', 0),
(459, 'aUz4bpVyUy82S8bChyUd', 267, 3, 0, 0, '2022-02-28 02:17:42', 0),
(460, 'aUz4bpVyUy82S8bChyUd', 267, 2, 0, 0, '2022-02-28 02:17:42', 0),
(461, '39SNdvSzQ8Vfo14fUVGV', 268, 1, 0, 0, '2022-02-28 02:17:42', 0),
(462, 'CFc9nsgk3JP2695KjapZ', 269, 7, 0, 0, '2022-02-28 02:17:42', 0),
(463, 'kBHuMbnKyyjc3pLgFkp3', 270, 7, 0, 0, '2022-02-28 02:17:42', 0),
(464, 'v3tPsbI02qcskHjuaBVI', 272, 3, 0, 0, '2022-02-28 02:17:42', 0),
(465, 'v8NI85cLx9Jy1TkvziDz', 273, 3, 0, 0, '2022-02-28 02:17:42', 0),
(466, 'PJF90hRKqHyOd5MZDMkJ', 274, 3, 0, 0, '2022-02-28 02:17:42', 0),
(467, 'PJF90hRKqHyOd5MZDMkJ', 274, 3, 0, 0, '2022-02-28 02:17:42', 0),
(468, 'PJF90hRKqHyOd5MZDMkJ', 274, 2, 0, 0, '2022-02-28 02:17:42', 0),
(469, 'WG1307SDgXdkc8HlAj8T', 275, 1, 0, 0, '2022-02-28 02:17:42', 0),
(470, 'wxilj0aUc92Qi9jeXXVf', 276, 1, 0, 0, '2022-02-28 02:17:42', 0),
(471, 'y6RJbqvV7neQdQUHGmB8', 277, 3, 0, 0, '2022-02-28 02:17:42', 0),
(472, 'y6RJbqvV7neQdQUHGmB8', 277, 3, 0, 0, '2022-02-28 02:17:42', 0),
(473, 'y6RJbqvV7neQdQUHGmB8', 277, 1, 0, 0, '2022-02-28 02:17:42', 0),
(474, 'y6RJbqvV7neQdQUHGmB8', 277, 3, 0, 0, '2022-02-28 02:17:42', 0),
(475, 'y6RJbqvV7neQdQUHGmB8', 277, 3, 0, 0, '2022-02-28 02:17:42', 0),
(476, 'CVcHqNqeRw93zThPlAaI', 280, 3, 0, 0, '2022-02-28 03:20:18', 0),
(477, 'ckR9G80WM9YKYJHC2yJB', 281, 3, 0, 0, '2022-02-28 03:23:55', 0),
(478, 'gh3LepYvNScUKXTOxqvm', 282, 3, 0, 0, '2022-02-28 03:24:38', 0),
(479, 'VlroWuSmaTRjBewUAwUJ', 283, 1, 0, 0, '2022-02-28 03:31:54', 0),
(480, 'VQDaK5dqrVh7XW9KSdvL', 284, 7, 0, 0, '2022-02-28 03:32:31', 0),
(481, 'VQDaK5dqrVh7XW9KSdvL', 284, 1, 0, 0, '2022-02-28 03:32:31', 0),
(482, 'gUwhcF4KituFpdH4C8DH', 285, 7, 0, 0, '2022-02-28 03:34:15', 0),
(483, 'gUwhcF4KituFpdH4C8DH', 285, 1, 0, 0, '2022-02-28 03:34:15', 0),
(484, 'mHlIOOL5UzX3UMr7fDbC', 286, 1, 0, 0, '2022-02-28 03:36:46', 0),
(485, 'mHlIOOL5UzX3UMr7fDbC', 286, 7, 0, 0, '2022-02-28 03:36:46', 0),
(486, '1CvZSGquQZiF00a2SrIw', 287, 7, 0, 0, '2022-02-28 03:39:39', 0),
(487, '1CvZSGquQZiF00a2SrIw', 287, 1, 0, 0, '2022-02-28 03:39:39', 0),
(488, 'iLllTp1DwBByweHvU8ER', 288, 7, 0, 0, '2022-02-28 03:42:23', 0),
(489, 'iLllTp1DwBByweHvU8ER', 288, 1, 0, 0, '2022-02-28 03:42:23', 0),
(490, 'I2bB39xUKy4x8eWzg6o5', 289, 3, 0, 0, '2022-02-28 18:03:42', 0),
(491, 'I2bB39xUKy4x8eWzg6o5', 289, 7, 0, 0, '2022-02-28 18:03:42', 0),
(492, 'MnbTENzEv4zMPl9TG3OJ', 290, 3, 0, 0, '2022-03-01 15:20:24', 0),
(493, 'MZPo4WuPJp6X3yuG1mDk', 291, 7, 0, 0, '2022-03-01 15:21:07', 0),
(494, 'wp4vlONPdSgTr2IqeHoq', 292, 3, 0, 0, '2022-03-01 15:21:25', 0),
(495, 'wp4vlONPdSgTr2IqeHoq', 292, 7, 0, 0, '2022-03-01 15:21:25', 0),
(496, 'ImjeVZT5L23ZVBaSMSNa', 293, 3, 0, 0, '2022-03-01 15:40:20', 0),
(497, 'mZxbVKqt2R5JEdC1iMGe', 294, 1, 0, 0, '2022-03-01 18:15:15', 0),
(498, 'toHbi389BnnHlDKAvQas', 295, 1, 0, 0, '2022-03-01 18:15:27', 0),
(499, 'MDbuBFPCSn7ZSpP5Uk6y', 296, 1, 0, 0, '2022-03-01 18:58:46', 0),
(500, 'MDbuBFPCSn7ZSpP5Uk6y', 296, 7, 0, 0, '2022-03-01 18:58:46', 0),
(501, 'TR5d5jjeaZspFrCPK2dt', 297, 1, 0, 0, '2022-03-01 18:59:41', 0),
(502, 'TR5d5jjeaZspFrCPK2dt', 297, 7, 0, 0, '2022-03-01 18:59:41', 0),
(503, 'R4ufocVyNG3DFu3tsqSv', 298, 3, 0, 0, '2022-03-01 19:00:26', 0),
(504, 'R4ufocVyNG3DFu3tsqSv', 298, 7, 0, 0, '2022-03-01 19:00:26', 0),
(505, 'TzvqiKd765L9MNK8Sb3H', 299, 1, 0, 0, '2022-03-01 19:01:55', 1),
(506, 'TzvqiKd765L9MNK8Sb3H', 299, 7, 0, 0, '2022-03-01 19:01:55', 0),
(507, '9qhGmFcUdLMxnmF6Wo3t', 301, 2, 0, 2, '2022-03-01 23:45:21', 0),
(508, '9qhGmFcUdLMxnmF6Wo3t', 301, 1, 0, 2, '2022-03-01 23:45:21', 1),
(509, '9qhGmFcUdLMxnmF6Wo3t', 301, 3, 0, 2, '2022-03-01 23:45:21', 0),
(510, '9qhGmFcUdLMxnmF6Wo3t', 301, 3, 0, 2, '2022-03-01 23:45:21', 0),
(511, '9qhGmFcUdLMxnmF6Wo3t', 301, 4, 0, 2, '2022-03-01 23:45:21', 0),
(512, '9qhGmFcUdLMxnmF6Wo3t', 301, 5, 0, 2, '2022-03-01 23:45:21', 1),
(513, 'g1ycewwVCX2Q7fDzaOQa', 306, 2, 0, 5, '2022-03-02 20:55:00', 0),
(514, 'g1ycewwVCX2Q7fDzaOQa', 306, 1, 0, 5, '2022-03-02 20:55:00', 0),
(515, 'g1ycewwVCX2Q7fDzaOQa', 306, 3, 0, 5, '2022-03-02 20:55:00', 0),
(516, 'g1ycewwVCX2Q7fDzaOQa', 306, 3, 0, 5, '2022-03-02 20:55:00', 0),
(517, 'g1ycewwVCX2Q7fDzaOQa', 306, 4, 0, 5, '2022-03-02 20:55:00', 0),
(518, 'g1ycewwVCX2Q7fDzaOQa', 306, 5, 0, 5, '2022-03-02 20:55:00', 0),
(519, '1Q5A703QWZTF5ddOAyXO', 307, 2, 0, 5, '2022-03-02 22:19:20', 0),
(520, '1Q5A703QWZTF5ddOAyXO', 307, 1, 0, 5, '2022-03-02 22:19:20', 0),
(521, '1Q5A703QWZTF5ddOAyXO', 307, 3, 0, 5, '2022-03-02 22:19:20', 0),
(522, '1Q5A703QWZTF5ddOAyXO', 307, 3, 0, 5, '2022-03-02 22:19:20', 0),
(523, '1Q5A703QWZTF5ddOAyXO', 307, 4, 0, 5, '2022-03-02 22:19:20', 0),
(524, '1Q5A703QWZTF5ddOAyXO', 307, 5, 0, 5, '2022-03-02 22:19:20', 0),
(525, '1Q5A703QWZTF5ddOAyXO', 307, 5, 0, 5, '2022-03-02 22:19:20', 0),
(526, 'uJGJEjC7NgTrlpepYiYy', 308, 5, 0, 5, '2022-03-02 23:01:47', 0),
(527, 'uJGJEjC7NgTrlpepYiYy', 308, 3, 0, 5, '2022-03-02 23:01:47', 0),
(528, 'uJGJEjC7NgTrlpepYiYy', 308, 5, 0, 5, '2022-03-02 23:01:47', 0),
(529, 'JSVnKGsoNykBMwKLE09Y', 309, 4, 0, 1, '2022-03-03 21:56:33', 0),
(530, 'JSVnKGsoNykBMwKLE09Y', 309, 1, 0, 1, '2022-03-03 21:56:33', 0),
(531, 'JSVnKGsoNykBMwKLE09Y', 309, 1, 0, 1, '2022-03-03 21:56:33', 0),
(532, 'vl7xvffqHZ4tmRLC0z69', 310, 2, 0, 1, '2022-03-06 10:50:54', 0),
(533, 'vl7xvffqHZ4tmRLC0z69', 310, 1, 0, 1, '2022-03-06 10:50:54', 0),
(534, 'vl7xvffqHZ4tmRLC0z69', 310, 3, 0, 1, '2022-03-06 10:50:54', 0),
(535, 'vl7xvffqHZ4tmRLC0z69', 310, 3, 0, 1, '2022-03-06 10:50:54', 0),
(536, 'vl7xvffqHZ4tmRLC0z69', 310, 4, 0, 1, '2022-03-06 10:50:54', 0),
(537, 'vl7xvffqHZ4tmRLC0z69', 310, 5, 0, 1, '2022-03-06 10:50:54', 0),
(538, 'vl7xvffqHZ4tmRLC0z69', 310, 1, 0, 1, '2022-03-06 10:50:54', 0),
(539, '45UZBHsw6v8B8CNBQSfH', 311, 1, 0, 1, '2022-03-06 11:00:22', 0),
(540, '45UZBHsw6v8B8CNBQSfH', 311, 5, 0, 1, '2022-03-06 11:00:22', 0),
(541, '45UZBHsw6v8B8CNBQSfH', 311, 1, 0, 1, '2022-03-06 11:00:22', 0),
(542, 'JSqw89Rk9PFYo7ETBRmg', 312, 5, 0, 5, '2022-03-06 11:04:26', 0),
(543, 'JSqw89Rk9PFYo7ETBRmg', 312, 3, 0, 5, '2022-03-06 11:04:26', 0),
(544, 'JSqw89Rk9PFYo7ETBRmg', 312, 5, 0, 5, '2022-03-06 11:04:26', 0),
(545, 'AJZcKPxI9sqtyFvQ50zo', 316, 2, 0, 2, '2022-03-06 13:42:49', 0),
(546, 'AJZcKPxI9sqtyFvQ50zo', 316, 1, 0, 2, '2022-03-06 13:42:49', 0),
(547, 'AJZcKPxI9sqtyFvQ50zo', 316, 3, 0, 2, '2022-03-06 13:42:49', 0),
(548, 'AJZcKPxI9sqtyFvQ50zo', 316, 3, 0, 2, '2022-03-06 13:42:49', 0),
(549, 'AJZcKPxI9sqtyFvQ50zo', 316, 4, 0, 2, '2022-03-06 13:42:49', 0),
(550, 'AJZcKPxI9sqtyFvQ50zo', 316, 5, 0, 2, '2022-03-06 13:42:49', 0),
(551, 'AJZcKPxI9sqtyFvQ50zo', 316, 2, 0, 2, '2022-03-06 13:42:49', 0),
(552, 'AJZcKPxI9sqtyFvQ50zo', 316, 1, 0, 2, '2022-03-06 13:42:49', 0),
(553, 'AJZcKPxI9sqtyFvQ50zo', 316, 3, 0, 2, '2022-03-06 13:42:49', 0),
(554, 'AJZcKPxI9sqtyFvQ50zo', 316, 3, 0, 2, '2022-03-06 13:42:49', 0),
(555, 'AJZcKPxI9sqtyFvQ50zo', 316, 4, 0, 2, '2022-03-06 13:42:49', 0),
(556, 'AJZcKPxI9sqtyFvQ50zo', 316, 5, 0, 2, '2022-03-06 13:42:49', 0),
(557, 'nENxHGVaqiS4aGem7p61', 317, 2, 0, 4, '2022-03-06 13:50:16', 0),
(558, 'nENxHGVaqiS4aGem7p61', 317, 1, 0, 4, '2022-03-06 13:50:16', 0),
(559, 'nENxHGVaqiS4aGem7p61', 317, 3, 0, 4, '2022-03-06 13:50:16', 0),
(560, 'nENxHGVaqiS4aGem7p61', 317, 3, 0, 4, '2022-03-06 13:50:16', 0),
(561, 'nENxHGVaqiS4aGem7p61', 317, 4, 0, 4, '2022-03-06 13:50:16', 0),
(562, 'nENxHGVaqiS4aGem7p61', 317, 5, 0, 4, '2022-03-06 13:50:16', 0),
(563, '9i6IBK7wBqJFxUi7Q5vv', 318, 7, 1, 5, '2022-03-06 14:01:46', 0),
(564, '9i6IBK7wBqJFxUi7Q5vv', 318, 5, 0, 5, '2022-03-06 14:01:46', 0),
(565, 'DTNiPa6qC1GCymtYmN7W', 319, 7, 0, 5, '2022-03-06 14:15:02', 0),
(566, 'DTNiPa6qC1GCymtYmN7W', 319, 7, 0, 5, '2022-03-06 14:15:02', 0),
(567, 'DTNiPa6qC1GCymtYmN7W', 319, 5, 0, 5, '2022-03-06 14:15:02', 0),
(568, 'DTNiPa6qC1GCymtYmN7W', 319, 5, 0, 5, '2022-03-06 14:15:02', 0),
(569, 'ai0NC4YTUT6GX8TGjU3O', 320, 1, 0, 1, '2022-03-06 21:52:41', 0),
(570, 'ai0NC4YTUT6GX8TGjU3O', 320, 5, 1, 1, '2022-03-06 21:52:41', 0),
(571, 's7QMewt6MYCAXu3J66rx', 321, 1, 0, 1, '2022-03-07 00:08:49', 0),
(572, 's7QMewt6MYCAXu3J66rx', 321, 5, 0, 1, '2022-03-07 00:08:49', 0),
(573, 'nKYwTJ7dKEP46z3YjS90', 322, 1, 0, 2, '2022-03-07 02:23:03', 0),
(574, 'nKYwTJ7dKEP46z3YjS90', 322, 2, 0, 2, '2022-03-07 02:23:03', 0),
(575, '9UgLtyBcZWS4jTk7Nlaf', 323, 1, 0, 2, '2022-03-07 02:23:38', 0),
(576, '9UgLtyBcZWS4jTk7Nlaf', 323, 2, 0, 2, '2022-03-07 02:23:38', 0),
(577, 'FZgSyNa4Kw4ri7xZKVfF', 324, 1, 0, 2, '2022-03-07 02:23:58', 0),
(578, 'FZgSyNa4Kw4ri7xZKVfF', 324, 2, 0, 2, '2022-03-07 02:23:58', 0),
(579, 'BgUc9ofPdLqw7lKt1avv', 325, 2, 0, 2, '2022-03-07 02:25:41', 0),
(580, 'BgUc9ofPdLqw7lKt1avv', 325, 1, 0, 2, '2022-03-07 02:25:42', 0),
(581, 'Hf6xcktfHKQLULLbDl7v', 326, 1, 0, 1, '2022-03-08 09:31:01', 0),
(582, 'u1EkjSdpAkdArtfbztYb', 327, 1, 0, 2, '2022-03-08 09:35:05', 0),
(583, 'u1EkjSdpAkdArtfbztYb', 327, 2, 0, 2, '2022-03-08 09:35:05', 0),
(584, 'V45aOueWZpVNaoLCCPrR', 328, 1, 0, 2, '2022-03-08 09:35:33', 0),
(585, 'V45aOueWZpVNaoLCCPrR', 328, 2, 0, 2, '2022-03-08 09:35:33', 0),
(586, 'pj6dM75vT2nC89IHMMAd', 329, 1, 0, 2, '2022-03-08 10:12:39', 0),
(587, 'pj6dM75vT2nC89IHMMAd', 329, 2, 0, 2, '2022-03-08 10:12:39', 0),
(588, 'Q7O8f0LmQW4wrKMQxLme', 330, 2, 0, 1, '2022-03-08 10:13:22', 0),
(589, 'Q7O8f0LmQW4wrKMQxLme', 330, 1, 0, 1, '2022-03-08 10:13:22', 0),
(590, 'Q7O8f0LmQW4wrKMQxLme', 330, 3, 0, 1, '2022-03-08 10:13:23', 0),
(591, 'Q7O8f0LmQW4wrKMQxLme', 330, 3, 0, 1, '2022-03-08 10:13:23', 0),
(592, 'Q7O8f0LmQW4wrKMQxLme', 330, 4, 0, 1, '2022-03-08 10:13:23', 0),
(593, 'Q7O8f0LmQW4wrKMQxLme', 330, 5, 0, 1, '2022-03-08 10:13:23', 0),
(594, 'F1gPFI2Sk3ALtIVOvxW6', 331, 2, 0, 1, '2022-03-08 10:14:33', 0),
(595, 'F1gPFI2Sk3ALtIVOvxW6', 331, 1, 0, 1, '2022-03-08 10:14:34', 0),
(596, 'F1gPFI2Sk3ALtIVOvxW6', 331, 3, 0, 1, '2022-03-08 10:14:34', 0),
(597, 'F1gPFI2Sk3ALtIVOvxW6', 331, 3, 0, 1, '2022-03-08 10:14:34', 0),
(598, 'F1gPFI2Sk3ALtIVOvxW6', 331, 4, 0, 1, '2022-03-08 10:14:34', 0),
(599, 'F1gPFI2Sk3ALtIVOvxW6', 331, 5, 0, 1, '2022-03-08 10:14:34', 0),
(600, 'l2OoMx1XvgWsb6V6KHfv', 332, 2, 0, 1, '2022-03-08 10:16:09', 0),
(601, 'l2OoMx1XvgWsb6V6KHfv', 332, 1, 0, 1, '2022-03-08 10:16:09', 0),
(602, 'l2OoMx1XvgWsb6V6KHfv', 332, 3, 0, 1, '2022-03-08 10:16:09', 0),
(603, 'l2OoMx1XvgWsb6V6KHfv', 332, 3, 0, 1, '2022-03-08 10:16:11', 0),
(604, 'l2OoMx1XvgWsb6V6KHfv', 332, 4, 0, 1, '2022-03-08 10:16:12', 0),
(605, 'l2OoMx1XvgWsb6V6KHfv', 332, 5, 0, 1, '2022-03-08 10:16:12', 0),
(606, '4bep5VuuAfiEkzKlBkjd', 333, 2, 0, 1, '2022-03-08 10:18:40', 0),
(607, '4bep5VuuAfiEkzKlBkjd', 333, 1, 0, 1, '2022-03-08 10:18:41', 0),
(608, '4bep5VuuAfiEkzKlBkjd', 333, 3, 0, 1, '2022-03-08 10:18:41', 0),
(609, '4bep5VuuAfiEkzKlBkjd', 333, 3, 0, 1, '2022-03-08 10:18:41', 0),
(610, '4bep5VuuAfiEkzKlBkjd', 333, 4, 0, 1, '2022-03-08 10:18:41', 0),
(611, '4bep5VuuAfiEkzKlBkjd', 333, 5, 0, 1, '2022-03-08 10:18:41', 0),
(612, '0x1TBT2uPh9VZNosg82n', 334, 2, 0, 3, '2022-03-08 10:18:59', 0),
(613, '0x1TBT2uPh9VZNosg82n', 334, 1, 0, 3, '2022-03-08 10:19:00', 0),
(614, '0x1TBT2uPh9VZNosg82n', 334, 3, 0, 3, '2022-03-08 10:19:01', 0),
(615, '0x1TBT2uPh9VZNosg82n', 334, 3, 0, 3, '2022-03-08 10:19:01', 0),
(616, '0x1TBT2uPh9VZNosg82n', 334, 4, 0, 3, '2022-03-08 10:19:01', 0),
(617, '0x1TBT2uPh9VZNosg82n', 334, 5, 0, 3, '2022-03-08 10:19:01', 0),
(618, 'JlgycX9o5CCz8XblDJlW', 335, 2, 0, 3, '2022-03-08 10:20:06', 0),
(619, 'JlgycX9o5CCz8XblDJlW', 335, 1, 0, 3, '2022-03-08 10:20:06', 0),
(620, 'JlgycX9o5CCz8XblDJlW', 335, 3, 0, 3, '2022-03-08 10:20:07', 0),
(621, 'JlgycX9o5CCz8XblDJlW', 335, 3, 0, 3, '2022-03-08 10:20:09', 0),
(622, 'JlgycX9o5CCz8XblDJlW', 335, 4, 0, 3, '2022-03-08 10:20:11', 0),
(623, 'JlgycX9o5CCz8XblDJlW', 335, 5, 0, 3, '2022-03-08 10:20:11', 0),
(624, 'H2adcK3NOa1oqPVKcmz4', 336, 2, 0, 3, '2022-03-09 11:32:02', 0),
(625, 'H2adcK3NOa1oqPVKcmz4', 336, 1, 0, 3, '2022-03-09 11:32:02', 0),
(626, 'H2adcK3NOa1oqPVKcmz4', 336, 3, 0, 3, '2022-03-09 11:32:02', 0),
(627, 'H2adcK3NOa1oqPVKcmz4', 336, 3, 0, 3, '2022-03-09 11:32:03', 0),
(628, 'H2adcK3NOa1oqPVKcmz4', 336, 4, 0, 3, '2022-03-09 11:32:03', 0),
(629, 'H2adcK3NOa1oqPVKcmz4', 336, 5, 0, 3, '2022-03-09 11:32:03', 0),
(630, 'N8RcvYBb8ho8Num7q5Bj', 337, 3, 0, 1, '2022-03-09 11:33:16', 0),
(631, 'N8RcvYBb8ho8Num7q5Bj', 337, 1, 0, 1, '2022-03-09 11:33:17', 0),
(632, 'wxUgNuC2FQOeIk9ze8w0', 338, 4, 0, 1, '2022-03-09 11:34:00', 0),
(633, 'wxUgNuC2FQOeIk9ze8w0', 338, 1, 0, 1, '2022-03-09 11:34:00', 0),
(634, 'HAK3rHxnlrJOO9cEavsq', 339, 2, 0, 2, '2022-03-09 11:35:17', 0),
(635, 'HAK3rHxnlrJOO9cEavsq', 339, 1, 0, 2, '2022-03-09 11:35:17', 0),
(636, 'HAK3rHxnlrJOO9cEavsq', 339, 3, 0, 2, '2022-03-09 11:35:18', 0),
(637, 'HAK3rHxnlrJOO9cEavsq', 339, 3, 0, 2, '2022-03-09 11:35:18', 0),
(638, 'HAK3rHxnlrJOO9cEavsq', 339, 4, 0, 2, '2022-03-09 11:35:19', 0),
(639, 'HAK3rHxnlrJOO9cEavsq', 339, 5, 0, 2, '2022-03-09 11:35:19', 0),
(640, 'DOG4RlKUDKeDbn0u5NUn', 340, 2, 0, 1, '2022-03-09 11:38:06', 0),
(641, 'DOG4RlKUDKeDbn0u5NUn', 340, 1, 0, 1, '2022-03-09 11:38:07', 0),
(642, 'DOG4RlKUDKeDbn0u5NUn', 340, 3, 0, 1, '2022-03-09 11:38:07', 0),
(643, 'DOG4RlKUDKeDbn0u5NUn', 340, 3, 0, 1, '2022-03-09 11:38:07', 0),
(644, 'DOG4RlKUDKeDbn0u5NUn', 340, 4, 0, 1, '2022-03-09 11:38:08', 0),
(645, 'DOG4RlKUDKeDbn0u5NUn', 340, 5, 0, 1, '2022-03-09 11:38:08', 0),
(646, 'pnNBXUEueST4Rk81Mjra', 341, 2, 0, 2, '2022-03-09 22:06:17', 0),
(647, 'pnNBXUEueST4Rk81Mjra', 341, 2, 0, 2, '2022-03-09 22:06:17', 0),
(648, 'pnNBXUEueST4Rk81Mjra', 341, 2, 0, 2, '2022-03-09 22:06:18', 0),
(649, 'pnNBXUEueST4Rk81Mjra', 341, 1, 0, 2, '2022-03-09 22:06:18', 0),
(650, 'pnNBXUEueST4Rk81Mjra', 341, 1, 0, 2, '2022-03-09 22:06:18', 0),
(651, 'pnNBXUEueST4Rk81Mjra', 341, 1, 0, 2, '2022-03-09 22:06:18', 0),
(652, 'pnNBXUEueST4Rk81Mjra', 341, 3, 0, 2, '2022-03-09 22:06:18', 0),
(653, 'pnNBXUEueST4Rk81Mjra', 341, 3, 0, 2, '2022-03-09 22:06:19', 0),
(654, 'pnNBXUEueST4Rk81Mjra', 341, 3, 0, 2, '2022-03-09 22:06:19', 0),
(655, 'pnNBXUEueST4Rk81Mjra', 341, 3, 0, 2, '2022-03-09 22:06:19', 0),
(656, 'pnNBXUEueST4Rk81Mjra', 341, 3, 0, 2, '2022-03-09 22:06:20', 0),
(657, 'pnNBXUEueST4Rk81Mjra', 341, 3, 0, 2, '2022-03-09 22:06:20', 0),
(658, 'pnNBXUEueST4Rk81Mjra', 341, 4, 0, 2, '2022-03-09 22:06:20', 0),
(659, 'pnNBXUEueST4Rk81Mjra', 341, 4, 0, 2, '2022-03-09 22:06:20', 0),
(660, 'pnNBXUEueST4Rk81Mjra', 341, 4, 0, 2, '2022-03-09 22:06:20', 0),
(661, 'pnNBXUEueST4Rk81Mjra', 341, 5, 0, 2, '2022-03-09 22:06:20', 0),
(662, 'pnNBXUEueST4Rk81Mjra', 341, 5, 0, 2, '2022-03-09 22:06:20', 0),
(663, 'pnNBXUEueST4Rk81Mjra', 341, 5, 0, 2, '2022-03-09 22:06:20', 0),
(664, 'D8ZwnvqlzUWCN2uNvOQw', 342, 2, 0, 2, '2022-03-09 22:10:14', 0),
(665, 'D8ZwnvqlzUWCN2uNvOQw', 342, 2, 0, 2, '2022-03-09 22:10:15', 0),
(666, 'D8ZwnvqlzUWCN2uNvOQw', 342, 2, 0, 2, '2022-03-09 22:10:15', 0),
(667, 'D8ZwnvqlzUWCN2uNvOQw', 342, 1, 0, 2, '2022-03-09 22:10:15', 0),
(668, 'D8ZwnvqlzUWCN2uNvOQw', 342, 1, 0, 2, '2022-03-09 22:10:15', 0),
(669, 'D8ZwnvqlzUWCN2uNvOQw', 342, 1, 0, 2, '2022-03-09 22:10:16', 0),
(670, 'D8ZwnvqlzUWCN2uNvOQw', 342, 3, 0, 2, '2022-03-09 22:10:16', 0),
(671, 'D8ZwnvqlzUWCN2uNvOQw', 342, 3, 0, 2, '2022-03-09 22:10:16', 0),
(672, 'D8ZwnvqlzUWCN2uNvOQw', 342, 3, 0, 2, '2022-03-09 22:10:16', 0),
(673, 'D8ZwnvqlzUWCN2uNvOQw', 342, 3, 0, 2, '2022-03-09 22:10:17', 0),
(674, 'D8ZwnvqlzUWCN2uNvOQw', 342, 3, 0, 2, '2022-03-09 22:10:17', 0),
(675, 'D8ZwnvqlzUWCN2uNvOQw', 342, 3, 0, 2, '2022-03-09 22:10:17', 0),
(676, 'D8ZwnvqlzUWCN2uNvOQw', 342, 4, 0, 2, '2022-03-09 22:10:18', 0),
(677, 'D8ZwnvqlzUWCN2uNvOQw', 342, 4, 0, 2, '2022-03-09 22:10:18', 0),
(678, 'D8ZwnvqlzUWCN2uNvOQw', 342, 4, 0, 2, '2022-03-09 22:10:18', 0),
(679, 'D8ZwnvqlzUWCN2uNvOQw', 342, 5, 0, 2, '2022-03-09 22:10:18', 0),
(680, 'D8ZwnvqlzUWCN2uNvOQw', 342, 5, 0, 2, '2022-03-09 22:10:18', 0),
(681, 'D8ZwnvqlzUWCN2uNvOQw', 342, 5, 0, 2, '2022-03-09 22:10:18', 0),
(682, 'K1vHPsLxNB3BqEDFzggp', 343, 2, 0, 3, '2022-03-09 22:18:04', 0),
(683, 'K1vHPsLxNB3BqEDFzggp', 343, 2, 0, 3, '2022-03-09 22:18:05', 0),
(684, 'K1vHPsLxNB3BqEDFzggp', 343, 1, 0, 3, '2022-03-09 22:18:05', 0),
(685, 'K1vHPsLxNB3BqEDFzggp', 343, 1, 0, 3, '2022-03-09 22:18:05', 0),
(686, 'K1vHPsLxNB3BqEDFzggp', 343, 3, 0, 3, '2022-03-09 22:18:05', 0),
(687, 'K1vHPsLxNB3BqEDFzggp', 343, 3, 0, 3, '2022-03-09 22:18:05', 0),
(688, 'K1vHPsLxNB3BqEDFzggp', 343, 3, 0, 3, '2022-03-09 22:18:05', 0),
(689, 'K1vHPsLxNB3BqEDFzggp', 343, 3, 0, 3, '2022-03-09 22:18:05', 0),
(690, 'K1vHPsLxNB3BqEDFzggp', 343, 4, 0, 3, '2022-03-09 22:18:07', 0),
(691, 'K1vHPsLxNB3BqEDFzggp', 343, 4, 0, 3, '2022-03-09 22:18:07', 0),
(692, 'K1vHPsLxNB3BqEDFzggp', 343, 5, 0, 3, '2022-03-09 22:18:07', 0),
(693, 'K1vHPsLxNB3BqEDFzggp', 343, 5, 0, 3, '2022-03-09 22:18:07', 0),
(694, 'sFXRPsPfEwJ5Y6cKsWtG', 344, 1, 0, 2, '2022-03-09 23:07:59', 0),
(695, 'sFXRPsPfEwJ5Y6cKsWtG', 344, 2, 0, 2, '2022-03-09 23:07:59', 0),
(696, 'nfPngeI7Ctg9CAu6HOYq', 345, 1, 0, 2, '2022-03-09 23:08:37', 0),
(697, 'nfPngeI7Ctg9CAu6HOYq', 345, 1, 0, 2, '2022-03-09 23:08:37', 0),
(698, 'nfPngeI7Ctg9CAu6HOYq', 345, 2, 0, 2, '2022-03-09 23:08:37', 0);
INSERT INTO `callparticipants` (`id`, `callUniqueId`, `callId`, `participantId`, `stillParticipating`, `initiatorId`, `startDate`, `missed`) VALUES
(699, 'nfPngeI7Ctg9CAu6HOYq', 345, 2, 0, 2, '2022-03-09 23:08:37', 0),
(700, '1GWiPFy7SzpntXU7jSIH', 346, 1, 0, 1, '2022-03-09 23:11:09', 0),
(701, '1GWiPFy7SzpntXU7jSIH', 346, 1, 0, 1, '2022-03-09 23:11:09', 0),
(702, '1GWiPFy7SzpntXU7jSIH', 346, 2, 0, 1, '2022-03-09 23:11:10', 0),
(703, '1GWiPFy7SzpntXU7jSIH', 346, 2, 0, 1, '2022-03-09 23:11:10', 0),
(704, 'oHjJR99E8rxLvcI3oV0V', 347, 1, 0, 1, '2022-03-09 23:13:26', 0),
(705, 'oHjJR99E8rxLvcI3oV0V', 347, 1, 0, 1, '2022-03-09 23:13:27', 0),
(706, 'oHjJR99E8rxLvcI3oV0V', 347, 1, 0, 1, '2022-03-09 23:13:27', 0),
(707, 'oHjJR99E8rxLvcI3oV0V', 347, 1, 0, 1, '2022-03-09 23:13:27', 0),
(708, 'oHjJR99E8rxLvcI3oV0V', 347, 2, 0, 1, '2022-03-09 23:13:27', 0),
(709, 'oHjJR99E8rxLvcI3oV0V', 347, 2, 0, 1, '2022-03-09 23:13:27', 0),
(710, 'oHjJR99E8rxLvcI3oV0V', 347, 2, 0, 1, '2022-03-09 23:13:27', 0),
(711, 'oHjJR99E8rxLvcI3oV0V', 347, 2, 0, 1, '2022-03-09 23:13:27', 0),
(712, '4Hw0VWnF8BjqfGRUatOG', 348, 1, 0, 2, '2022-03-09 23:29:01', 0),
(713, '4Hw0VWnF8BjqfGRUatOG', 348, 2, 0, 2, '2022-03-09 23:29:01', 0),
(714, 'hn1PZcTJZDRuVkBEBXi1', 349, 1, 0, 2, '2022-03-09 23:49:45', 0),
(715, 'hn1PZcTJZDRuVkBEBXi1', 349, 2, 0, 2, '2022-03-09 23:49:45', 0),
(716, 'r9QLmPTdhFe9hP36cze1', 350, 1, 0, 2, '2022-03-09 23:50:32', 0),
(717, 'r9QLmPTdhFe9hP36cze1', 350, 1, 0, 2, '2022-03-09 23:50:32', 0),
(718, 'r9QLmPTdhFe9hP36cze1', 350, 2, 0, 2, '2022-03-09 23:50:32', 0),
(719, 'r9QLmPTdhFe9hP36cze1', 350, 2, 0, 2, '2022-03-09 23:50:32', 0),
(720, 'EOoeSakHTJSdR4yDnjzc', 351, 1, 0, 2, '2022-03-10 00:15:40', 0),
(721, 'EOoeSakHTJSdR4yDnjzc', 351, 2, 0, 2, '2022-03-10 00:15:40', 0),
(722, 'rkj8itWNg1BHSveInEsY', 352, 2, 0, 2, '2022-03-10 00:18:26', 0),
(723, 'rkj8itWNg1BHSveInEsY', 352, 1, 0, 2, '2022-03-10 00:18:26', 0),
(724, 'QrE6IZYX7qsF7KwF5mJT', 353, 1, 0, 2, '2022-03-10 00:20:03', 0),
(725, 'QrE6IZYX7qsF7KwF5mJT', 353, 2, 0, 2, '2022-03-10 00:20:03', 0),
(726, 'ogelAfsDK1zEecNbPgTJ', 354, 1, 0, 2, '2022-03-10 00:21:36', 0),
(727, 'ogelAfsDK1zEecNbPgTJ', 354, 2, 0, 2, '2022-03-10 00:21:36', 0),
(728, 'Ht2jYmtnKJu2xqlHogbF', 355, 1, 0, 1, '2022-03-10 00:22:58', 0),
(729, 'Ht2jYmtnKJu2xqlHogbF', 355, 2, 0, 1, '2022-03-10 00:22:58', 0),
(730, 'essObM517VF03i7f8ovK', 356, 2, 0, 2, '2022-03-10 00:25:56', 0),
(731, 'essObM517VF03i7f8ovK', 356, 3, 0, 2, '2022-03-10 00:25:56', 0),
(732, '98L6qymW2zPMv7GFOMW2', 357, 3, 0, 3, '2022-03-10 00:37:31', 0),
(733, '98L6qymW2zPMv7GFOMW2', 357, 2, 0, 3, '2022-03-10 00:37:31', 0),
(734, '43z7qLFouMMVJ1iySF2x', 358, 3, 0, 2, '2022-03-10 00:49:50', 0),
(735, '43z7qLFouMMVJ1iySF2x', 358, 2, 0, 2, '2022-03-10 00:49:50', 0),
(736, 'tiOVQ8IOd1VKPldsmCRu', 359, 3, 0, 2, '2022-03-10 00:51:27', 0),
(737, 'tiOVQ8IOd1VKPldsmCRu', 359, 2, 0, 2, '2022-03-10 00:51:27', 0),
(738, 'fV6JuOQgyLvBN1bfBf8O', 360, 3, 0, 2, '2022-03-10 01:17:06', 0),
(739, 'fV6JuOQgyLvBN1bfBf8O', 360, 2, 0, 2, '2022-03-10 01:17:06', 0),
(740, '5qX3whzK1nc7HSkbpEQp', 361, 2, 0, 2, '2022-03-10 01:20:10', 0),
(741, '5qX3whzK1nc7HSkbpEQp', 361, 1, 0, 2, '2022-03-10 01:20:10', 0),
(742, 'KGpSN0EJoWDSBHQYaVJO', 362, 2, 0, 2, '2022-03-10 01:22:37', 0),
(743, 'KGpSN0EJoWDSBHQYaVJO', 362, 1, 0, 2, '2022-03-10 01:22:37', 0),
(744, 'KGpSN0EJoWDSBHQYaVJO', 362, 3, 0, 2, '2022-03-10 01:22:37', 0),
(745, 'KGpSN0EJoWDSBHQYaVJO', 362, 3, 0, 2, '2022-03-10 01:22:37', 0),
(746, 'KGpSN0EJoWDSBHQYaVJO', 362, 4, 0, 2, '2022-03-10 01:22:37', 0),
(747, 'KGpSN0EJoWDSBHQYaVJO', 362, 5, 0, 2, '2022-03-10 01:22:37', 0),
(748, 'QBF9qvBW3l7rNJKhVlar', 363, 2, 0, 2, '2022-03-10 01:34:21', 0),
(749, 'QBF9qvBW3l7rNJKhVlar', 363, 1, 0, 2, '2022-03-10 01:34:21', 0),
(750, 'QBF9qvBW3l7rNJKhVlar', 363, 3, 0, 2, '2022-03-10 01:34:21', 0),
(751, 'QBF9qvBW3l7rNJKhVlar', 363, 3, 0, 2, '2022-03-10 01:34:21', 0),
(752, 'QBF9qvBW3l7rNJKhVlar', 363, 4, 0, 2, '2022-03-10 01:34:21', 0),
(753, 'QBF9qvBW3l7rNJKhVlar', 363, 5, 0, 2, '2022-03-10 01:34:21', 0),
(754, 'BMF2yYWe3JdZtkZQmfPQ', 364, 2, 0, 2, '2022-03-10 01:38:25', 0),
(755, 'BMF2yYWe3JdZtkZQmfPQ', 364, 1, 0, 2, '2022-03-10 01:38:25', 0),
(756, 'BMF2yYWe3JdZtkZQmfPQ', 364, 3, 0, 2, '2022-03-10 01:38:25', 0),
(757, 'BMF2yYWe3JdZtkZQmfPQ', 364, 3, 0, 2, '2022-03-10 01:38:25', 0),
(758, 'BMF2yYWe3JdZtkZQmfPQ', 364, 4, 0, 2, '2022-03-10 01:38:25', 0),
(759, 'BMF2yYWe3JdZtkZQmfPQ', 364, 5, 0, 2, '2022-03-10 01:38:25', 0),
(760, 'OMNwgbZmBNpY7eLWULDp', 365, 2, 0, 1, '2022-03-10 01:48:15', 0),
(761, 'OMNwgbZmBNpY7eLWULDp', 365, 1, 0, 1, '2022-03-10 01:48:15', 0),
(762, 'UQ8DWan3aWSoUabEZbSU', 366, 1, 0, 3, '2022-03-10 01:56:36', 0),
(763, 'UQ8DWan3aWSoUabEZbSU', 366, 3, 0, 3, '2022-03-10 01:56:36', 0),
(764, '9Xmc0Z06lFvCA893LMjJ', 367, 1, 0, 3, '2022-03-10 01:59:48', 0),
(765, '9Xmc0Z06lFvCA893LMjJ', 367, 3, 0, 3, '2022-03-10 01:59:48', 0),
(766, 'e0rTmf2PiRD5CanhimzU', 368, 1, 0, 3, '2022-03-10 02:01:17', 0),
(767, 'e0rTmf2PiRD5CanhimzU', 368, 3, 0, 3, '2022-03-10 02:01:17', 0),
(768, 'AVmVEq10ZNX7UjnFGUXk', 369, 2, 0, 3, '2022-03-10 02:02:20', 0),
(769, 'AVmVEq10ZNX7UjnFGUXk', 369, 3, 0, 3, '2022-03-10 02:02:20', 0),
(770, '2ZKQwBdgnn7pk7j5aw3y', 370, 1, 0, 3, '2022-03-10 02:06:53', 0),
(771, '2ZKQwBdgnn7pk7j5aw3y', 370, 3, 0, 3, '2022-03-10 02:06:53', 0),
(772, 'JnI6lSUrnzasuA9wSfOR', 371, 1, 0, 3, '2022-03-10 02:07:51', 0),
(773, 'JnI6lSUrnzasuA9wSfOR', 371, 3, 0, 3, '2022-03-10 02:07:51', 0),
(774, 'WR7UoDiVXXZlKrlzrkpp', 372, 1, 0, 3, '2022-03-10 02:09:00', 0),
(775, 'WR7UoDiVXXZlKrlzrkpp', 372, 3, 0, 3, '2022-03-10 02:09:00', 0),
(776, 'WbvffGRZA3b5yPpXEOva', 373, 1, 0, 3, '2022-03-10 02:17:23', 0),
(777, 'WbvffGRZA3b5yPpXEOva', 373, 3, 0, 3, '2022-03-10 02:17:23', 0),
(778, 'FuTee1GxVVTzasLsrUHB', 374, 1, 0, 1, '2022-03-10 02:17:35', 0),
(779, 'FuTee1GxVVTzasLsrUHB', 374, 3, 0, 1, '2022-03-10 02:17:35', 0),
(780, 'DsPkurAcYyBSfYCeMArg', 375, 2, 0, 3, '2022-03-10 02:19:53', 0),
(781, 'DsPkurAcYyBSfYCeMArg', 375, 1, 0, 3, '2022-03-10 02:19:53', 0),
(782, 'DsPkurAcYyBSfYCeMArg', 375, 3, 0, 3, '2022-03-10 02:19:53', 0),
(783, 'DsPkurAcYyBSfYCeMArg', 375, 3, 0, 3, '2022-03-10 02:19:53', 0),
(784, 'DsPkurAcYyBSfYCeMArg', 375, 4, 0, 3, '2022-03-10 02:19:53', 0),
(785, 'DsPkurAcYyBSfYCeMArg', 375, 5, 0, 3, '2022-03-10 02:19:53', 0),
(786, 'CpE9NuPxbr9aGGGzdBYL', 376, 2, 0, 3, '2022-03-10 02:20:49', 0),
(787, 'CpE9NuPxbr9aGGGzdBYL', 376, 3, 0, 3, '2022-03-10 02:20:49', 0),
(788, 'PauaCcjPP95vj6kQutKs', 377, 2, 0, 3, '2022-03-10 02:21:16', 0),
(789, 'PauaCcjPP95vj6kQutKs', 377, 3, 0, 3, '2022-03-10 02:21:16', 0),
(790, 'kJ3o35EW32bM4QyVrDqL', 378, 1, 0, 3, '2022-03-10 02:21:28', 0),
(791, 'kJ3o35EW32bM4QyVrDqL', 378, 3, 0, 3, '2022-03-10 02:21:28', 0),
(792, '6JJLEXyTAqsKmTwnjCqM', 379, 2, 0, 3, '2022-03-10 02:25:28', 0),
(793, '6JJLEXyTAqsKmTwnjCqM', 379, 1, 0, 3, '2022-03-10 02:25:28', 0),
(794, '6JJLEXyTAqsKmTwnjCqM', 379, 3, 0, 3, '2022-03-10 02:25:28', 0),
(795, '6JJLEXyTAqsKmTwnjCqM', 379, 3, 0, 3, '2022-03-10 02:25:28', 0),
(796, '6JJLEXyTAqsKmTwnjCqM', 379, 4, 0, 3, '2022-03-10 02:25:28', 0),
(797, '6JJLEXyTAqsKmTwnjCqM', 379, 5, 0, 3, '2022-03-10 02:25:28', 0),
(798, 'SuyYcqzJIhPuT4PKNK0W', 380, 1, 0, 2, '2022-03-10 04:35:00', 0),
(799, 'SuyYcqzJIhPuT4PKNK0W', 380, 2, 0, 2, '2022-03-10 04:35:00', 0),
(800, 'HOK4cVuAhlqWnjIykc8G', 381, 3, 0, 3, '2022-03-10 04:35:48', 0),
(801, 'HOK4cVuAhlqWnjIykc8G', 381, 2, 0, 3, '2022-03-10 04:35:48', 0),
(802, '2XGorMnwxRYVR5Xb4i2b', 382, 2, 0, 5, '2022-03-10 15:19:38', 0),
(803, '2XGorMnwxRYVR5Xb4i2b', 382, 1, 0, 5, '2022-03-10 15:19:38', 0),
(804, '2XGorMnwxRYVR5Xb4i2b', 382, 3, 0, 5, '2022-03-10 15:19:38', 0),
(805, '2XGorMnwxRYVR5Xb4i2b', 382, 3, 0, 5, '2022-03-10 15:19:38', 0),
(806, '2XGorMnwxRYVR5Xb4i2b', 382, 4, 0, 5, '2022-03-10 15:19:39', 0),
(807, '2XGorMnwxRYVR5Xb4i2b', 382, 5, 1, 5, '2022-03-10 15:19:39', 0),
(808, 'TfJTST3wRFfR9hj6QEi9', 383, 2, 0, 2, '2022-03-10 15:35:04', 0),
(809, 'TfJTST3wRFfR9hj6QEi9', 383, 1, 0, 2, '2022-03-10 15:35:04', 0),
(810, 'TfJTST3wRFfR9hj6QEi9', 383, 3, 0, 2, '2022-03-10 15:35:04', 0),
(811, 'TfJTST3wRFfR9hj6QEi9', 383, 3, 0, 2, '2022-03-10 15:35:04', 0),
(812, 'TfJTST3wRFfR9hj6QEi9', 383, 4, 0, 2, '2022-03-10 15:35:04', 0),
(813, 'TfJTST3wRFfR9hj6QEi9', 383, 5, 0, 2, '2022-03-10 15:35:04', 0),
(814, 'BAxu4JbnhS9FmtR3Sa6O', 384, 1, 0, 1, '2022-03-10 15:51:15', 0),
(815, 'BAxu4JbnhS9FmtR3Sa6O', 384, 2, 0, 1, '2022-03-10 15:51:15', 0),
(816, 'ErZlYVlBum2dy7Lm7MVk', 385, 2, 0, 2, '2022-03-10 17:32:13', 0),
(817, 'ErZlYVlBum2dy7Lm7MVk', 385, 1, 0, 2, '2022-03-10 17:32:13', 0),
(818, 'ErZlYVlBum2dy7Lm7MVk', 385, 3, 0, 2, '2022-03-10 17:32:13', 0),
(819, 'ErZlYVlBum2dy7Lm7MVk', 385, 3, 0, 2, '2022-03-10 17:32:13', 0),
(820, 'ErZlYVlBum2dy7Lm7MVk', 385, 4, 0, 2, '2022-03-10 17:32:13', 0),
(821, 'ErZlYVlBum2dy7Lm7MVk', 385, 5, 0, 2, '2022-03-10 17:32:13', 0),
(822, '0hHFDf24Ke5tiPQXDNmx', 386, 2, 0, 1, '2022-03-10 17:34:22', 0),
(823, '0hHFDf24Ke5tiPQXDNmx', 386, 1, 0, 1, '2022-03-10 17:34:22', 0),
(824, '0hHFDf24Ke5tiPQXDNmx', 386, 3, 0, 1, '2022-03-10 17:34:22', 0),
(825, '0hHFDf24Ke5tiPQXDNmx', 386, 3, 0, 1, '2022-03-10 17:34:22', 0),
(826, '0hHFDf24Ke5tiPQXDNmx', 386, 4, 0, 1, '2022-03-10 17:34:22', 0),
(827, '0hHFDf24Ke5tiPQXDNmx', 386, 5, 0, 1, '2022-03-10 17:34:22', 0),
(828, '4SzI0A3PAbycHADxDAIu', 387, 2, 0, 2, '2022-03-10 17:35:54', 0),
(829, '4SzI0A3PAbycHADxDAIu', 387, 1, 0, 2, '2022-03-10 17:35:54', 0),
(830, '4SzI0A3PAbycHADxDAIu', 387, 3, 0, 2, '2022-03-10 17:35:54', 0),
(831, '4SzI0A3PAbycHADxDAIu', 387, 3, 0, 2, '2022-03-10 17:35:54', 0),
(832, '4SzI0A3PAbycHADxDAIu', 387, 4, 0, 2, '2022-03-10 17:35:54', 0),
(833, '4SzI0A3PAbycHADxDAIu', 387, 5, 0, 2, '2022-03-10 17:35:54', 0),
(834, 'FQo65XEVEoAzRGt69Jlt', 388, 2, 0, 2, '2022-03-10 17:36:56', 0),
(835, 'FQo65XEVEoAzRGt69Jlt', 388, 1, 0, 2, '2022-03-10 17:36:56', 0),
(836, 'FQo65XEVEoAzRGt69Jlt', 388, 3, 0, 2, '2022-03-10 17:36:56', 0),
(837, 'FQo65XEVEoAzRGt69Jlt', 388, 3, 0, 2, '2022-03-10 17:36:56', 0),
(838, 'FQo65XEVEoAzRGt69Jlt', 388, 4, 0, 2, '2022-03-10 17:36:56', 0),
(839, 'FQo65XEVEoAzRGt69Jlt', 388, 5, 0, 2, '2022-03-10 17:36:56', 0),
(840, 'AquN128JCLUAI4MkfFzS', 389, 2, 0, 2, '2022-03-10 18:06:19', 0),
(841, 'AquN128JCLUAI4MkfFzS', 389, 1, 0, 2, '2022-03-10 18:06:19', 0),
(842, 'AquN128JCLUAI4MkfFzS', 389, 3, 0, 2, '2022-03-10 18:06:19', 0),
(843, 'AquN128JCLUAI4MkfFzS', 389, 3, 0, 2, '2022-03-10 18:06:19', 0),
(844, 'AquN128JCLUAI4MkfFzS', 389, 4, 0, 2, '2022-03-10 18:06:19', 0),
(845, 'AquN128JCLUAI4MkfFzS', 389, 5, 0, 2, '2022-03-10 18:06:19', 0),
(846, 'qqX0Eu0dnGGU3rSYqlpD', 390, 2, 0, 1, '2022-03-10 18:07:23', 0),
(847, 'qqX0Eu0dnGGU3rSYqlpD', 390, 1, 0, 1, '2022-03-10 18:07:23', 0),
(848, 'qqX0Eu0dnGGU3rSYqlpD', 390, 3, 0, 1, '2022-03-10 18:07:23', 0),
(849, 'qqX0Eu0dnGGU3rSYqlpD', 390, 3, 0, 1, '2022-03-10 18:07:23', 0),
(850, 'qqX0Eu0dnGGU3rSYqlpD', 390, 4, 0, 1, '2022-03-10 18:07:23', 0),
(851, 'qqX0Eu0dnGGU3rSYqlpD', 390, 5, 0, 1, '2022-03-10 18:07:23', 0),
(852, 'rR4tLlDYt0lO0EK8uzU7', 391, 1, 0, 2, '2022-03-10 19:08:01', 0),
(853, 'rR4tLlDYt0lO0EK8uzU7', 391, 2, 0, 2, '2022-03-10 19:08:01', 0),
(854, 'YbO2UzBBBzTtyXdCzMEr', 392, 2, 0, 1, '2022-03-10 21:49:25', 0),
(855, 'YbO2UzBBBzTtyXdCzMEr', 392, 1, 0, 1, '2022-03-10 21:49:25', 0),
(856, 'YbO2UzBBBzTtyXdCzMEr', 392, 3, 0, 1, '2022-03-10 21:49:25', 0),
(857, 'YbO2UzBBBzTtyXdCzMEr', 392, 3, 0, 1, '2022-03-10 21:49:25', 0),
(858, 'YbO2UzBBBzTtyXdCzMEr', 392, 4, 0, 1, '2022-03-10 21:49:25', 0),
(859, 'YbO2UzBBBzTtyXdCzMEr', 392, 5, 0, 1, '2022-03-10 21:49:25', 0),
(860, 'ANtLfb4V7CJE0lwBq2WZ', 393, 2, 0, 5, '2022-03-11 12:08:37', 0),
(861, 'ANtLfb4V7CJE0lwBq2WZ', 393, 2, 0, 5, '2022-03-11 12:08:37', 0),
(862, 'ANtLfb4V7CJE0lwBq2WZ', 393, 1, 0, 5, '2022-03-11 12:08:37', 0),
(863, 'ANtLfb4V7CJE0lwBq2WZ', 393, 1, 0, 5, '2022-03-11 12:08:37', 0),
(864, 'ANtLfb4V7CJE0lwBq2WZ', 393, 3, 0, 5, '2022-03-11 12:08:37', 0),
(865, 'ANtLfb4V7CJE0lwBq2WZ', 393, 3, 0, 5, '2022-03-11 12:08:37', 0),
(866, 'ANtLfb4V7CJE0lwBq2WZ', 393, 3, 0, 5, '2022-03-11 12:08:37', 0),
(867, 'ANtLfb4V7CJE0lwBq2WZ', 393, 3, 0, 5, '2022-03-11 12:08:37', 0),
(868, 'ANtLfb4V7CJE0lwBq2WZ', 393, 4, 0, 5, '2022-03-11 12:08:37', 0),
(869, 'ANtLfb4V7CJE0lwBq2WZ', 393, 4, 0, 5, '2022-03-11 12:08:37', 0),
(870, 'ANtLfb4V7CJE0lwBq2WZ', 393, 5, 1, 5, '2022-03-11 12:08:37', 0),
(871, 'ANtLfb4V7CJE0lwBq2WZ', 393, 5, 1, 5, '2022-03-11 12:08:37', 0),
(872, 'YiK8nRaFGTA4ywDICZuR', 394, 2, 0, 3, '2022-03-11 17:27:42', 0),
(873, 'YiK8nRaFGTA4ywDICZuR', 394, 2, 0, 3, '2022-03-11 17:27:42', 0),
(874, 'YiK8nRaFGTA4ywDICZuR', 394, 1, 0, 3, '2022-03-11 17:27:42', 0),
(875, 'YiK8nRaFGTA4ywDICZuR', 394, 1, 0, 3, '2022-03-11 17:27:42', 0),
(876, 'YiK8nRaFGTA4ywDICZuR', 394, 3, 0, 3, '2022-03-11 17:27:42', 0),
(877, 'YiK8nRaFGTA4ywDICZuR', 394, 3, 0, 3, '2022-03-11 17:27:42', 0),
(878, 'YiK8nRaFGTA4ywDICZuR', 394, 3, 0, 3, '2022-03-11 17:27:42', 0),
(879, 'YiK8nRaFGTA4ywDICZuR', 394, 3, 0, 3, '2022-03-11 17:27:42', 0),
(880, 'YiK8nRaFGTA4ywDICZuR', 394, 4, 0, 3, '2022-03-11 17:27:42', 0),
(881, 'YiK8nRaFGTA4ywDICZuR', 394, 4, 0, 3, '2022-03-11 17:27:42', 0),
(882, 'YiK8nRaFGTA4ywDICZuR', 394, 5, 1, 3, '2022-03-11 17:27:42', 0),
(883, 'YiK8nRaFGTA4ywDICZuR', 394, 5, 1, 3, '2022-03-11 17:27:42', 0),
(884, '6mQTWSfTZl6ryhObUQ54', 395, 1, 0, 5, '2022-03-12 06:55:18', 0),
(885, '6mQTWSfTZl6ryhObUQ54', 395, 5, 1, 5, '2022-03-12 06:55:18', 0),
(886, '2vHKdmYLEZIYcFS15pgT', 396, 8, 0, 2, '2022-03-13 18:45:02', 0),
(887, '2vHKdmYLEZIYcFS15pgT', 396, 2, 0, 2, '2022-03-13 18:45:02', 0),
(888, 'aUxsA2LBJ2DX2nlrG95C', 397, 5, 1, 2, '2022-03-13 18:48:17', 0),
(889, 'aUxsA2LBJ2DX2nlrG95C', 397, 2, 0, 2, '2022-03-13 18:48:17', 0),
(890, 'ygzXidrvAvl4vWMQKmlt', 398, 2, 0, 4, '2022-03-14 17:39:05', 0),
(891, 'ygzXidrvAvl4vWMQKmlt', 398, 1, 0, 4, '2022-03-14 17:39:05', 0),
(892, 'ygzXidrvAvl4vWMQKmlt', 398, 3, 0, 4, '2022-03-14 17:39:05', 0),
(893, 'ygzXidrvAvl4vWMQKmlt', 398, 3, 0, 4, '2022-03-14 17:39:05', 0),
(894, 'ygzXidrvAvl4vWMQKmlt', 398, 4, 1, 4, '2022-03-14 17:39:05', 0),
(895, 'ygzXidrvAvl4vWMQKmlt', 398, 5, 0, 4, '2022-03-14 17:39:05', 0),
(896, 'Jp6q0ZxNIdDNTEVeQYFn', 399, 4, 1, 4, '2022-03-16 17:55:06', 0),
(897, 'Jp6q0ZxNIdDNTEVeQYFn', 399, 2, 0, 4, '2022-03-16 17:55:06', 0),
(898, 'pzn7eH2mlgq628as2WzC', 421, 2, 0, 1, '2022-04-26 07:36:46', 0),
(899, 'pzn7eH2mlgq628as2WzC', 421, 1, 0, 1, '2022-04-26 07:36:46', 0),
(900, '0KrWFXBJgjcqbiYDsXYL', 422, 2, 0, 2, '2022-04-26 08:55:50', 0),
(901, '0KrWFXBJgjcqbiYDsXYL', 422, 1, 0, 2, '2022-04-26 08:55:50', 0),
(902, 'brZ6S0ffbrz126HxvLQC', 423, 2, 0, 2, '2022-04-26 15:25:37', 0),
(903, 'brZ6S0ffbrz126HxvLQC', 423, 1, 0, 2, '2022-04-26 15:25:37', 0),
(904, 'brZ6S0ffbrz126HxvLQC', 423, 3, 0, 2, '2022-04-26 15:25:37', 0),
(905, 'brZ6S0ffbrz126HxvLQC', 423, 3, 0, 2, '2022-04-26 15:25:37', 0),
(906, 'brZ6S0ffbrz126HxvLQC', 423, 4, 0, 2, '2022-04-26 15:25:37', 0),
(907, 'brZ6S0ffbrz126HxvLQC', 423, 5, 0, 2, '2022-04-26 15:25:37', 0),
(908, 'tusbpMa49sW3fhAJx17x', 424, 1, 0, 2, '2022-04-26 15:27:42', 0),
(909, 'tusbpMa49sW3fhAJx17x', 424, 2, 0, 2, '2022-04-26 15:27:42', 0),
(910, 'YlIaEAVRzgXafYZzEUm0', 425, 1, 0, 2, '2022-04-26 15:28:43', 0),
(911, 'YlIaEAVRzgXafYZzEUm0', 425, 2, 0, 2, '2022-04-26 15:28:43', 0),
(912, 'XB08L5tVdehXgUxIWS3f', 426, 1, 0, 2, '2022-04-26 15:37:21', 0),
(913, 'XB08L5tVdehXgUxIWS3f', 426, 2, 0, 2, '2022-04-26 15:37:21', 0),
(914, 'gdKH30HXeyxJ7z1QFB5i', 427, 2, 0, 5, '2022-04-27 01:49:00', 2),
(915, 'gdKH30HXeyxJ7z1QFB5i', 427, 1, 0, 5, '2022-04-27 01:49:00', 2),
(916, 'gdKH30HXeyxJ7z1QFB5i', 427, 3, 0, 5, '2022-04-27 01:49:00', 2),
(917, 'gdKH30HXeyxJ7z1QFB5i', 427, 3, 0, 5, '2022-04-27 01:49:00', 2),
(918, 'gdKH30HXeyxJ7z1QFB5i', 427, 4, 0, 5, '2022-04-27 01:49:00', 2),
(919, 'gdKH30HXeyxJ7z1QFB5i', 427, 5, 1, 5, '2022-04-27 01:49:00', 2),
(920, 'E7rbHg3vYrJKiektMf16', 428, 1, 0, 2, '2022-05-01 13:10:11', 0),
(921, 'E7rbHg3vYrJKiektMf16', 428, 2, 0, 2, '2022-05-01 13:10:11', 0),
(922, 'Z0EfYuigjhRneecoreiv', 429, 1, 0, 1, '2022-05-01 13:11:23', 0),
(923, 'Z0EfYuigjhRneecoreiv', 429, 2, 0, 1, '2022-05-01 13:11:23', 0),
(924, 'Zbx50CaWd1aK9jqIJGYG', 430, 1, 0, 1, '2022-05-01 13:11:50', 0),
(925, 'Zbx50CaWd1aK9jqIJGYG', 430, 2, 0, 1, '2022-05-01 13:11:50', 0),
(926, 'b2vXYXamMIGWHJi5qFUL', 431, 1, 0, 1, '2022-05-01 13:20:14', 0),
(927, 'b2vXYXamMIGWHJi5qFUL', 431, 2, 0, 1, '2022-05-01 13:20:14', 0),
(928, 'nX3d4k4ZxV2JEqA4x4aw', 432, 2, 0, 2, '2022-05-01 13:29:00', 0),
(929, 'nX3d4k4ZxV2JEqA4x4aw', 432, 1, 0, 2, '2022-05-01 13:29:00', 0),
(930, 'hgBicX2O6Ok4qiCNL45l', 433, 1, 0, 2, '2022-05-01 13:30:15', 1),
(931, 'hgBicX2O6Ok4qiCNL45l', 433, 2, 0, 2, '2022-05-01 13:30:15', 1),
(932, 'i8pewrXG6KU3ximLNqiy', 434, 1, 0, 2, '2022-05-01 13:31:11', 1),
(933, 'i8pewrXG6KU3ximLNqiy', 434, 2, 0, 2, '2022-05-01 13:31:11', 1),
(934, '0JB3vL7ssfYlDdg9s2FI', 435, 1, 0, 1, '2022-05-01 13:42:39', 2),
(935, '0JB3vL7ssfYlDdg9s2FI', 435, 2, 0, 1, '2022-05-01 13:42:39', 2),
(936, 'JBS7qDPuYNSNb4FeOkFQ', 436, 1, 0, 1, '2022-05-01 13:42:53', 2),
(937, 'JBS7qDPuYNSNb4FeOkFQ', 436, 2, 0, 1, '2022-05-01 13:42:53', 2),
(938, 'kgwtOfKL6OutJE1zHleg', 437, 2, 0, 3, '2022-05-01 13:51:09', 1),
(939, 'kgwtOfKL6OutJE1zHleg', 437, 1, 0, 3, '2022-05-01 13:51:09', 1),
(940, 'kgwtOfKL6OutJE1zHleg', 437, 3, 0, 3, '2022-05-01 13:51:09', 1),
(941, 'kgwtOfKL6OutJE1zHleg', 437, 3, 0, 3, '2022-05-01 13:51:09', 1),
(942, 'kgwtOfKL6OutJE1zHleg', 437, 4, 0, 3, '2022-05-01 13:51:09', 1),
(943, 'kgwtOfKL6OutJE1zHleg', 437, 5, 0, 3, '2022-05-01 13:51:09', 1),
(944, 'Ew0tnr2rW9eifaOH4kev', 438, 2, 0, 3, '2022-05-01 14:09:10', 1),
(945, 'Ew0tnr2rW9eifaOH4kev', 438, 1, 0, 3, '2022-05-01 14:09:10', 1),
(946, 'Ew0tnr2rW9eifaOH4kev', 438, 3, 0, 3, '2022-05-01 14:09:10', 1),
(947, 'Ew0tnr2rW9eifaOH4kev', 438, 3, 0, 3, '2022-05-01 14:09:10', 1),
(948, 'Ew0tnr2rW9eifaOH4kev', 438, 4, 0, 3, '2022-05-01 14:09:10', 1),
(949, 'Ew0tnr2rW9eifaOH4kev', 438, 5, 0, 3, '2022-05-01 14:09:10', 1),
(950, 'xJK3a6DwUZiUhXvJetTs', 439, 2, 0, 3, '2022-05-01 14:12:27', 1),
(951, 'xJK3a6DwUZiUhXvJetTs', 439, 1, 0, 3, '2022-05-01 14:12:27', 1),
(952, 'xJK3a6DwUZiUhXvJetTs', 439, 3, 0, 3, '2022-05-01 14:12:27', 1),
(953, 'xJK3a6DwUZiUhXvJetTs', 439, 3, 0, 3, '2022-05-01 14:12:27', 1),
(954, 'xJK3a6DwUZiUhXvJetTs', 439, 4, 0, 3, '2022-05-01 14:12:27', 1),
(955, 'xJK3a6DwUZiUhXvJetTs', 439, 5, 0, 3, '2022-05-01 14:12:27', 1),
(956, 'dVR38V81r4JOCFi2wkMq', 440, 3, 0, 1, '2022-05-01 14:14:46', 0),
(957, 'dVR38V81r4JOCFi2wkMq', 440, 1, 0, 1, '2022-05-01 14:14:46', 0),
(958, 'l4rM8QWS4gO0LMZ8exQg', 441, 3, 0, 1, '2022-05-01 14:15:10', 0),
(959, 'l4rM8QWS4gO0LMZ8exQg', 441, 1, 0, 1, '2022-05-01 14:15:10', 0),
(960, 'JdFX3jYllibsxohj6Q2H', 442, 3, 0, 1, '2022-05-01 14:15:31', 3),
(961, 'JdFX3jYllibsxohj6Q2H', 442, 1, 0, 1, '2022-05-01 14:15:31', 3),
(962, 'hVcBOO3YAjICApS2uhCH', 443, 3, 0, 1, '2022-05-01 14:15:44', 0),
(963, 'hVcBOO3YAjICApS2uhCH', 443, 1, 0, 1, '2022-05-01 14:15:44', 0),
(964, 'ZD3WXOSu6v8YFfr1Gx25', 444, 2, 0, 1, '2022-05-02 22:56:30', 0),
(965, 'ZD3WXOSu6v8YFfr1Gx25', 444, 1, 0, 1, '2022-05-02 22:56:30', 0),
(966, 'ZD3WXOSu6v8YFfr1Gx25', 444, 3, 0, 1, '2022-05-02 22:56:30', 0),
(967, 'ZD3WXOSu6v8YFfr1Gx25', 444, 3, 0, 1, '2022-05-02 22:56:30', 0),
(968, 'ZD3WXOSu6v8YFfr1Gx25', 444, 4, 0, 1, '2022-05-02 22:56:30', 0),
(969, 'ZD3WXOSu6v8YFfr1Gx25', 444, 5, 0, 1, '2022-05-02 22:56:30', 0),
(970, 'sZ6iqsHe3nIjQZEGlH5P', 445, 2, 0, 1, '2022-05-02 22:57:22', 3),
(971, 'sZ6iqsHe3nIjQZEGlH5P', 445, 1, 0, 1, '2022-05-02 22:57:22', 3),
(972, 'sZ6iqsHe3nIjQZEGlH5P', 445, 3, 0, 1, '2022-05-02 22:57:22', 3),
(973, 'sZ6iqsHe3nIjQZEGlH5P', 445, 3, 0, 1, '2022-05-02 22:57:22', 3),
(974, 'sZ6iqsHe3nIjQZEGlH5P', 445, 4, 0, 1, '2022-05-02 22:57:22', 3),
(975, 'sZ6iqsHe3nIjQZEGlH5P', 445, 5, 0, 1, '2022-05-02 22:57:22', 3),
(976, 'E9yNHwhhDMXO5JMjeA5S', 446, 2, 0, 2, '2022-05-02 22:58:50', 0),
(977, 'E9yNHwhhDMXO5JMjeA5S', 446, 1, 0, 2, '2022-05-02 22:58:50', 0),
(978, 'E9yNHwhhDMXO5JMjeA5S', 446, 3, 0, 2, '2022-05-02 22:58:50', 0),
(979, 'E9yNHwhhDMXO5JMjeA5S', 446, 3, 0, 2, '2022-05-02 22:58:50', 0),
(980, 'E9yNHwhhDMXO5JMjeA5S', 446, 4, 0, 2, '2022-05-02 22:58:50', 0),
(981, 'E9yNHwhhDMXO5JMjeA5S', 446, 5, 0, 2, '2022-05-02 22:58:50', 0),
(982, 'sPNiLtjYsLBLSMAk3OWe', 447, 1, 0, 2, '2022-05-04 19:14:42', 1),
(983, 'sPNiLtjYsLBLSMAk3OWe', 447, 2, 0, 2, '2022-05-04 19:14:42', 1),
(984, '74R7HZvjugwsWdyxXEat', 448, 7, 0, 1, '2022-05-04 19:16:26', 0),
(985, '74R7HZvjugwsWdyxXEat', 448, 1, 0, 1, '2022-05-04 19:16:26', 0),
(986, 'Gw1snJDdKY9rSQSiBFQs', 449, 7, 0, 1, '2022-05-04 19:36:41', 0),
(987, 'Gw1snJDdKY9rSQSiBFQs', 449, 1, 0, 1, '2022-05-04 19:36:41', 0),
(988, 'Yas5CseyEZs8xdL1cW8F', 450, 4, 0, 2, '2022-05-06 16:22:45', 0),
(989, 'Yas5CseyEZs8xdL1cW8F', 450, 2, 0, 2, '2022-05-06 16:22:45', 0),
(990, 'QSWUwj97Oiq6OgJmpcPy', 451, 3, 0, 2, '2022-05-06 18:59:31', 0),
(991, 'QSWUwj97Oiq6OgJmpcPy', 451, 2, 0, 2, '2022-05-06 18:59:31', 0),
(992, 'zjRG1aN7sHSUg1qJfXzu', 452, 3, 0, 2, '2022-05-06 19:01:50', 0),
(993, 'zjRG1aN7sHSUg1qJfXzu', 452, 2, 0, 2, '2022-05-06 19:01:50', 0),
(994, 'ehRH9Ic1l1vyRPzZECcz', 453, 2, 0, 2, '2022-05-10 21:24:03', 1),
(995, 'ehRH9Ic1l1vyRPzZECcz', 453, 1, 0, 2, '2022-05-10 21:24:03', 1),
(996, 'ZJtwecQKJLHL89GZrita', 454, 4, 0, 1, '2022-05-10 22:04:55', 0),
(997, 'ZJtwecQKJLHL89GZrita', 454, 1, 0, 1, '2022-05-10 22:04:55', 0),
(998, '3M5iZqsZbF282fizt9bE', 455, 4, 0, 2, '2022-05-12 00:54:54', 0),
(999, '3M5iZqsZbF282fizt9bE', 455, 2, 0, 2, '2022-05-12 00:54:54', 0),
(1000, 'Z9RbxTaSQoWV94nIpHH4', 456, 3, 0, 2, '2022-05-12 00:56:25', 0),
(1001, 'Z9RbxTaSQoWV94nIpHH4', 456, 2, 0, 2, '2022-05-12 00:56:25', 0),
(1002, 'qlyIjS2iIiwyMkqgiPgM', 457, 4, 0, 2, '2022-05-12 07:28:12', 0),
(1003, 'qlyIjS2iIiwyMkqgiPgM', 457, 2, 0, 2, '2022-05-12 07:28:12', 0),
(1004, 'eaeRvwhlbGiwWq05QZas', 458, 2, 0, 2, '2022-05-19 21:01:22', 0),
(1005, 'eaeRvwhlbGiwWq05QZas', 458, 1, 0, 2, '2022-05-19 21:01:22', 0),
(1006, 'eaeRvwhlbGiwWq05QZas', 458, 3, 0, 2, '2022-05-19 21:01:22', 0),
(1007, 'eaeRvwhlbGiwWq05QZas', 458, 4, 0, 2, '2022-05-19 21:01:22', 0),
(1008, 'eaeRvwhlbGiwWq05QZas', 458, 5, 0, 2, '2022-05-19 21:01:22', 0),
(1009, 'ahCqI2I1SrGYq4hIAETL', 459, 2, 0, 2, '2022-05-19 21:01:50', 0),
(1010, 'ahCqI2I1SrGYq4hIAETL', 459, 1, 0, 2, '2022-05-19 21:01:50', 0),
(1011, 'ahCqI2I1SrGYq4hIAETL', 459, 3, 0, 2, '2022-05-19 21:01:50', 0),
(1012, 'ahCqI2I1SrGYq4hIAETL', 459, 4, 0, 2, '2022-05-19 21:01:50', 0),
(1013, 'ahCqI2I1SrGYq4hIAETL', 459, 5, 0, 2, '2022-05-19 21:01:50', 0),
(1014, 'zrCV2dX2lsUZ3fqD4x2c', 460, 4, 0, 2, '2022-05-19 21:02:39', 0),
(1015, 'zrCV2dX2lsUZ3fqD4x2c', 460, 2, 0, 2, '2022-05-19 21:02:39', 0),
(1016, 'kJYOD1xJQH6XvPb1PEgP', 461, 3, 0, 2, '2022-05-19 21:36:25', 0),
(1017, 'kJYOD1xJQH6XvPb1PEgP', 461, 2, 0, 2, '2022-05-19 21:36:25', 0),
(1018, 'nAUeXKrcW8X8K861ZG1S', 462, 4, 0, 1, '2022-05-19 21:41:52', 0),
(1019, 'nAUeXKrcW8X8K861ZG1S', 462, 1, 0, 1, '2022-05-19 21:41:52', 0),
(1020, 'hdY248ooF7kExfDaXZyi', 463, 4, 0, 1, '2022-05-19 21:43:09', 0),
(1021, 'hdY248ooF7kExfDaXZyi', 463, 1, 0, 1, '2022-05-19 21:43:09', 0),
(1022, 'nnDAkwx5trvfhSsn3DR5', 464, 3, 0, 1, '2022-05-19 21:43:18', 0),
(1023, 'nnDAkwx5trvfhSsn3DR5', 464, 1, 0, 1, '2022-05-19 21:43:18', 0),
(1024, 'XltX9yfMa9YHBSazcQ50', 465, 2, 0, 1, '2022-05-19 21:46:16', 0),
(1025, 'XltX9yfMa9YHBSazcQ50', 465, 1, 0, 1, '2022-05-19 21:46:16', 0),
(1026, 'cSed1jecpjC7iAmmkRjt', 466, 2, 0, 2, '2022-05-20 16:42:19', 0),
(1027, 'cSed1jecpjC7iAmmkRjt', 466, 3, 0, 2, '2022-05-20 16:42:19', 0),
(1028, 't9iUtLhgZYajbVvvKJn2', 467, 5, 0, 3, '2022-05-20 16:43:01', 0),
(1029, 't9iUtLhgZYajbVvvKJn2', 467, 3, 0, 3, '2022-05-20 16:43:01', 0),
(1030, 't9iUtLhgZYajbVvvKJn2', 1, 1, 0, 3, '2022-05-20 16:59:09', 0),
(1031, 's4U3LEUuw6j2CHSRBOvA', 468, 5, 0, 3, '2022-05-20 21:05:26', 0),
(1032, 's4U3LEUuw6j2CHSRBOvA', 468, 3, 0, 3, '2022-05-20 21:05:26', 0),
(1033, '4eLWVyD1JysoNghZNtKS', 469, 2, 0, 2, '2022-05-21 17:10:50', 0),
(1034, '4eLWVyD1JysoNghZNtKS', 469, 1, 0, 2, '2022-05-21 17:10:50', 0),
(1035, 'Gk3WdCgiEPlPaaGiFkKn', 470, 2, 0, 1, '2022-05-21 21:33:08', 0),
(1036, 'Gk3WdCgiEPlPaaGiFkKn', 470, 1, 0, 1, '2022-05-21 21:33:08', 0),
(1037, 'Aap2HBHZydQ7c5sGsaGJ', 471, 2, 0, 2, '2022-05-21 21:37:01', 0),
(1038, 'Aap2HBHZydQ7c5sGsaGJ', 471, 1, 0, 2, '2022-05-21 21:37:01', 0),
(1039, 'xSjgwJ5maNriTaJwC1jA', 472, 4, 0, 1, '2022-05-21 22:43:19', 0),
(1040, 'xSjgwJ5maNriTaJwC1jA', 472, 1, 0, 1, '2022-05-21 22:43:19', 0),
(1041, '21Ob1nMJEnlsFYGbfEdQ', 473, 3, 0, 1, '2022-05-21 22:48:52', 0),
(1042, '21Ob1nMJEnlsFYGbfEdQ', 473, 1, 0, 1, '2022-05-21 22:48:52', 0),
(1043, '21Ob1nMJEnlsFYGbfEdQ', 1, 2, 0, 1, '2022-05-21 22:48:58', 0);

-- --------------------------------------------------------

--
-- Table structure for table `calls`
--

CREATE TABLE `calls` (
  `id` int NOT NULL,
  `callUniqueId` text NOT NULL,
  `initiatorId` int NOT NULL,
  `destinationId` int NOT NULL,
  `destinationType` int NOT NULL,
  `initialtionTime` datetime NOT NULL DEFAULT CURRENT_TIMESTAMP,
  `endTime` datetime DEFAULT NULL,
  `callChatId` int DEFAULT NULL
) ENGINE=InnoDB DEFAULT CHARSET=utf8mb4 COLLATE=utf8mb4_0900_ai_ci;

--
-- Dumping data for table `calls`
--

INSERT INTO `calls` (`id`, `callUniqueId`, `initiatorId`, `destinationId`, `destinationType`, `initialtionTime`, `endTime`, `callChatId`) VALUES
(5, 'a00739be-31e6-4acb-ab46-09eb550aeb4d', 1, 2, 0, '0000-00-00 00:00:00', '0000-00-00 00:00:00', 1),
(6, 'f87823e7-0d0d-41fd-9b46-632c0ef36f57', 1, 6, 0, '0000-00-00 00:00:00', '0000-00-00 00:00:00', 1),
(7, '45592481-c535-4400-beda-c29dfc0d5e0a', 1, 3, 0, '0000-00-00 00:00:00', '0000-00-00 00:00:00', 1),
(8, '3838cdab-a8ab-443c-a145-c356f681060b', 1, 5, 0, '0000-00-00 00:00:00', '0000-00-00 00:00:00', 1),
(9, '942a5a4b-5229-4bc5-8a16-6db9c872eaf2', 1, 8, 0, '2022-02-21 02:40:15', '0000-00-00 00:00:00', 1),
(10, 'af0ff365-85bf-40d4-a5eb-6c312b540e76', 1, 6, 0, '2022-02-21 03:00:50', '0000-00-00 00:00:00', 1),
(11, '442a5e69-7420-4658-923f-73f780e123d7', 1, 1, 1, '2022-02-21 03:02:16', '0000-00-00 00:00:00', 1),
(12, '30c2c540-4f9f-44b8-aebe-d602acf86b80', 1, 1, 1, '2022-02-21 03:03:24', '0000-00-00 00:00:00', 1),
(13, '16b61ebe-7b05-4cb9-a1ad-1b904ef027da', 1, 1, 1, '2022-02-21 03:04:16', '0000-00-00 00:00:00', 1),
(14, '56f510d6-cb7b-42dd-82bd-9a48d3929c1f', 1, 1, 1, '2022-02-21 03:07:40', '0000-00-00 00:00:00', 1),
(15, '15760d60-1b16-4803-8504-d6bc3039ab00', 3, 1, 1, '2022-02-21 03:51:21', '0000-00-00 00:00:00', 1),
(16, '667ea4b2-0251-4e8f-852a-7f75e083d581', 1, 1, 1, '2022-02-21 03:53:54', '0000-00-00 00:00:00', 1),
(17, '957ebea5-bcc9-44fb-becb-b0ac42c53293', 4, 1, 1, '2022-02-21 03:54:15', '0000-00-00 00:00:00', 1),
(18, '2ebec458-e46b-4aa2-bb40-9f013c89c29a', 3, 1, 1, '2022-02-21 03:54:45', '0000-00-00 00:00:00', 1),
(19, 'd865aa61-86f0-4b67-8ec6-6c3aea0b4634', 4, 1, 1, '2022-02-21 03:55:26', '0000-00-00 00:00:00', 1),
(20, '495b1c52-f9c5-4cfc-a516-2df2b1e34a5a', 4, 1, 1, '2022-02-21 04:02:02', '0000-00-00 00:00:00', 1),
(21, '33980f82-3fbc-4f24-92fd-93cc13a7b6b0', 4, 1, 1, '2022-02-21 04:08:44', '0000-00-00 00:00:00', 1),
(22, '3e8a5ddf-e0b9-40a9-a429-289a286d9d4b', 1, 1, 1, '2022-02-21 10:46:26', '0000-00-00 00:00:00', 1),
(23, 'd8ecb02f-bff9-4fa9-be83-c6e4b2c43ac4', 4, 1, 1, '2022-02-21 11:52:22', '0000-00-00 00:00:00', 1),
(24, '99c1a1ad-19c6-4df1-b4c3-7e4b623fcd90', 4, 1, 1, '2022-02-21 11:54:07', '0000-00-00 00:00:00', 1),
(25, '6f30ff41-bc26-4fec-93cc-e710ca0ec088', 4, 3, 0, '2022-02-22 01:25:03', '0000-00-00 00:00:00', 1),
(26, '1a561631-2b04-4cbc-9975-112ec49b73e3', 1, 4, 0, '2022-02-23 16:02:00', '0000-00-00 00:00:00', 1),
(27, '5498a6a8-7fda-40df-9507-f7ad3a1e226c', 1, 6, 0, '2022-02-23 16:04:48', '0000-00-00 00:00:00', 1),
(28, '50b740f1-5c2a-4e3b-acf1-45612b3b7ac6', 1, 8, 0, '2022-02-23 16:09:14', '0000-00-00 00:00:00', 1),
(29, '635a97cc-c882-458c-8ac0-c9796c18f7a9', 1, 8, 0, '2022-02-23 16:14:34', '0000-00-00 00:00:00', 1),
(30, 'be045810-00a0-4a8b-bed9-d6fc50c4054d', 1, 8, 1, '2022-02-23 16:16:18', '0000-00-00 00:00:00', 1),
(31, '30f9d0ad-8503-4e53-8f88-b5e97670dc58', 1, 2, 1, '2022-02-23 16:20:49', '0000-00-00 00:00:00', 1),
(32, 'cf84093e-989c-47c7-bccd-0a135092ad88', 1, 2, 1, '2022-02-23 16:25:28', '0000-00-00 00:00:00', 1),
(33, '76581483-5473-4128-8068-c21ef96fb374', 1, 8, 1, '2022-02-23 16:28:08', '0000-00-00 00:00:00', 1),
(34, '44c8029c-131b-4086-a49c-d1dbeabceef3', 1, 3, 1, '2022-02-23 16:29:31', '0000-00-00 00:00:00', 1),
(35, '21fc0e69-b631-4038-b2a2-8647d19f40aa', 1, 6, 1, '2022-02-23 16:31:03', '0000-00-00 00:00:00', 1),
(36, '2c14650a-2bfe-4460-b03e-fddf71d9adde', 1, 8, 0, '2022-02-23 16:35:23', '0000-00-00 00:00:00', 1),
(37, 'd99fc335-eb29-47b5-bf05-b33c876cac4f', 1, 6, 0, '2022-02-23 16:37:18', '0000-00-00 00:00:00', 1),
(38, 'eade64ff-152a-4e14-85e3-180fc1f8266a', 1, 8, 0, '2022-02-23 16:39:06', '0000-00-00 00:00:00', 0),
(39, '30745d2c-d5db-4b2f-a920-83598d287b5f', 1, 8, 0, '2022-02-23 22:01:49', '0000-00-00 00:00:00', 0),
(40, '6faffb78-cd18-4982-a49f-fd5754306ca1', 1, 2, 0, '2022-02-23 22:05:19', '0000-00-00 00:00:00', 0),
(41, 'a2215f7f-fa3e-481e-a4fd-26d42cf4aeac', 1, 2, 0, '2022-02-23 22:26:07', '0000-00-00 00:00:00', 0),
(42, '267c0c48-0300-48ed-8dc3-5d3255ac6e37', 1, 2, 0, '2022-02-23 22:41:24', '0000-00-00 00:00:00', 0),
(43, '4caf47d7-e47b-409f-941e-6a547a50ba65', 1, 3, 0, '2022-02-23 22:54:53', '0000-00-00 00:00:00', 0),
(44, 'd246a53e-b967-4f60-a128-f48a1054829e', 1, 2, 0, '2022-02-23 22:58:32', '0000-00-00 00:00:00', 0),
(45, 'efb1a4c7-a5fb-405c-95c9-cfa992635f4c', 1, 2, 0, '2022-02-23 23:41:45', '0000-00-00 00:00:00', 0),
(46, 'ecfbf5f7-722e-423b-87d5-18572a347e8d', 1, 3, 0, '2022-02-24 02:01:01', '0000-00-00 00:00:00', 0),
(47, '57c89f25-baa9-47b7-b2fb-e6e57503ee2c', 1, 2, 0, '2022-02-24 02:15:14', '0000-00-00 00:00:00', 0),
(48, '6342c218-9697-41ae-b988-3be8eff71113', 4, 1, 0, '2022-02-24 02:19:44', '0000-00-00 00:00:00', 0),
(49, '505140a0-c0d1-4b22-bf2a-7112dbb96462', 7, 1, 0, '2022-02-24 02:30:45', '0000-00-00 00:00:00', 0),
(50, '420fb1c6-3a52-4bab-a29c-653432888b46', 7, 1, 0, '2022-02-24 02:34:57', '0000-00-00 00:00:00', 0),
(51, '6558cbec-ab14-4ec0-b116-58ce03d867ba', 7, 1, 0, '2022-02-24 02:37:05', '0000-00-00 00:00:00', 0),
(52, '288f176b-7483-41ad-a2d9-0fcc6f61a940', 7, 1, 0, '2022-02-24 02:41:51', '0000-00-00 00:00:00', 0),
(53, '76d55401-3e19-4fb8-876b-8b954be2d8c8', 7, 1, 0, '2022-02-24 02:44:15', '0000-00-00 00:00:00', 0),
(54, '9665368b-f1f8-4f7c-8890-a2f467894cf3', 7, 1, 0, '2022-02-24 02:51:04', '0000-00-00 00:00:00', 0),
(55, '930aaad2-6dcf-4645-a464-38edb34041ac', 7, 1, 0, '2022-02-24 02:53:13', '0000-00-00 00:00:00', 0),
(56, '972aaf36-a4cf-4822-b194-1ec579ce6d0e', 1, 7, 0, '2022-02-24 02:55:03', '0000-00-00 00:00:00', 0),
(57, 'f23aae3f-bdc2-49f6-b63b-3c106ee9740d', 7, 1, 0, '2022-02-24 03:10:44', '0000-00-00 00:00:00', 0),
(58, 'c59a5b91-44ef-4e29-ad70-a29a79aaad70', 7, 1, 0, '2022-02-24 03:14:55', '0000-00-00 00:00:00', 0),
(59, '3e39b29f-a129-42cb-ae01-f184a7cfb521', 7, 5, 0, '2022-02-24 13:21:15', '0000-00-00 00:00:00', 0),
(60, 'f3ba087e-d64c-447b-a662-1efc60c51e5c', 7, 5, 0, '2022-02-24 13:21:56', '0000-00-00 00:00:00', 0),
(61, '704d81bc-f5fd-4bc7-9a4d-b5096b3fa890', 5, 2, 0, '2022-02-24 13:29:42', '0000-00-00 00:00:00', 0),
(62, '31c08630-dc42-45c1-8a45-f8f8b38c8ad7', 3, 1, 1, '2022-02-24 14:22:56', '0000-00-00 00:00:00', 0),
(63, '5e5fd649-f804-47b4-9e04-ce3e610a331a', 2, 1, 1, '2022-02-24 14:32:09', '0000-00-00 00:00:00', 0),
(64, '5ce5cdeb-8d46-4e21-adce-5a023a2015ee', 3, 1, 1, '2022-02-24 14:39:50', '0000-00-00 00:00:00', 0),
(65, 'ece0cf6f-3515-453f-bb19-5440f5c42f6c', 3, 1, 1, '2022-02-24 14:44:48', '0000-00-00 00:00:00', 0),
(66, '5292c0c4-9db8-4306-822e-6751c5334f28', 3, 1, 1, '2022-02-24 14:51:55', '0000-00-00 00:00:00', 0),
(67, 'cb92a5f9-0e4b-4993-bec7-71645fe28398', 3, 1, 0, '2022-02-24 15:32:01', '0000-00-00 00:00:00', 0),
(68, '7a2feccd-22ad-4dda-be70-346772f956d2', 3, 1, 0, '2022-02-24 15:33:58', '0000-00-00 00:00:00', 0),
(69, 'd5cf2df3-4aa4-42b9-8eea-3d6b605e572f', 3, 1, 0, '2022-02-24 15:36:18', '0000-00-00 00:00:00', 0),
(70, '7f8ac1e4-18c0-41cd-8d0c-7df41fb3c899', 3, 1, 0, '2022-02-24 15:38:27', '0000-00-00 00:00:00', 0),
(71, 'f532186c-7f5a-4511-9b98-1951f568894a', 3, 1, 0, '2022-02-24 15:49:00', '0000-00-00 00:00:00', 0),
(72, 'b87b7107-9bd3-4fd2-8fcd-8c3077d705d2', 3, 1, 1, '2022-02-24 15:55:25', '0000-00-00 00:00:00', 0),
(73, '9e95674b-1fbb-456c-9d0f-b203946f1749', 3, 1, 0, '2022-02-24 16:05:03', '0000-00-00 00:00:00', 0),
(74, '17d1989c-1c7e-4662-ba60-f259874dfb40', 3, 4, 0, '2022-02-24 16:11:57', '0000-00-00 00:00:00', 0),
(75, '555111f4-6696-4d70-92e4-63456dfdbf7c', 4, 3, 0, '2022-02-24 16:14:29', '0000-00-00 00:00:00', 0),
(76, '8c1d2ec9-0cc4-4d4e-be94-2f9324447271', 4, 2, 0, '2022-02-24 16:16:04', '0000-00-00 00:00:00', 0),
(77, '6ecb74d2-35b0-42d4-874d-3af6aee48e89', 4, 2, 0, '2022-02-24 16:21:10', '0000-00-00 00:00:00', 0),
(78, 'c61a0552-a2bf-4eab-9f90-ff3e3961588c', 3, 1, 0, '2022-02-24 16:28:06', '0000-00-00 00:00:00', 0),
(79, '53d2b4e8-cd48-4f9c-bf6d-1f74144a3158', 3, 1, 0, '2022-02-24 16:34:39', '0000-00-00 00:00:00', 0),
(80, '98355188-897e-41a4-8260-1e8d9b63651f', 3, 1, 0, '2022-02-24 18:52:03', '0000-00-00 00:00:00', 0),
(81, 'b4955b3d-0fe7-4bb6-88b9-9178d4ea31a1', 4, 1, 0, '2022-02-24 18:52:56', '0000-00-00 00:00:00', 0),
(82, 'ed1662de-7960-4b9a-beb7-025046ec8888', 4, 1, 0, '2022-02-24 18:54:30', '0000-00-00 00:00:00', 0),
(83, '7b46f547-aafd-4887-a4c6-46446d04b2be', 4, 1, 0, '2022-02-24 19:01:06', '0000-00-00 00:00:00', 0),
(84, 'a374a287-cf83-4df6-901b-d4844c9a6259', 4, 1, 0, '2022-02-24 19:01:23', '0000-00-00 00:00:00', 0),
(85, '09539c1d-ec9a-4c11-addf-40c24bb83afe', 4, 1, 0, '2022-02-24 19:02:40', '0000-00-00 00:00:00', 0),
(86, 'a24892e0-f2f1-4a73-8a2b-04a14461ae2c', 4, 3, 0, '2022-02-24 19:03:46', '0000-00-00 00:00:00', 0),
(87, '167daa7d-b6da-4a37-b4ae-3211b7462ad0', 4, 3, 0, '2022-02-24 19:27:19', '0000-00-00 00:00:00', 0),
(88, '00ea088d-c548-4803-9389-e8bdbb60fcdf', 4, 1, 0, '2022-02-24 21:12:08', '0000-00-00 00:00:00', 0),
(89, '8d799ba0-fb9e-480e-bd18-2e991219ba43', 4, 2, 0, '2022-02-24 21:14:33', '0000-00-00 00:00:00', 0),
(90, '88e73cdc-e8be-40ce-8594-34592e434abd', 4, 3, 0, '2022-02-24 21:15:02', '0000-00-00 00:00:00', 0),
(91, '38a37c21-93e6-40ab-9bde-6311580c9e7b', 4, 1, 0, '2022-02-24 21:16:25', '0000-00-00 00:00:00', 0),
(92, '586762e6-78a9-49fb-ade6-f3dc00949947', 4, 2, 0, '2022-02-24 21:16:56', '0000-00-00 00:00:00', 0),
(93, '222ce90c-63f4-401c-b90a-899428148026', 4, 3, 0, '2022-02-24 21:17:18', '0000-00-00 00:00:00', 0),
(94, '0db982d9-012c-41a7-a233-3c86465b9eac', 4, 3, 0, '2022-02-24 21:17:40', '0000-00-00 00:00:00', 0),
(95, '1aafbf30-a560-472c-9235-8f7ae1b29544', 4, 3, 0, '2022-02-24 22:17:36', '0000-00-00 00:00:00', 0),
(96, '66becbfc-5d74-4728-81a2-a97a05c451a2', 4, 3, 0, '2022-02-24 22:27:18', '0000-00-00 00:00:00', 0),
(97, 'b93a5d7e-69dd-4507-904c-21b8ffafa4ab', 3, 4, 0, '2022-02-24 22:27:30', '0000-00-00 00:00:00', 0),
(98, '5ba34b50-5fc2-43e1-9013-cc71578e7b6b', 3, 4, 0, '2022-02-24 22:27:50', '0000-00-00 00:00:00', 0),
(99, 'uqDOXeDWYJCyxDB99QAZ', 4, 1, 0, '2022-02-24 22:32:41', '0000-00-00 00:00:00', 0),
(100, 'KfRN70vQ4a5VlnjrOU61', 4, 1, 0, '2022-02-24 22:35:08', '0000-00-00 00:00:00', 0),
(101, 'JMeSpTHZZUatNfjigUoH', 4, 2, 0, '2022-02-24 22:35:29', '0000-00-00 00:00:00', 0),
(102, 'wCaF4zzaYSiJqdneVV5k', 4, 3, 0, '2022-02-24 22:35:52', '0000-00-00 00:00:00', 0),
(103, 'eUHQ52zQsq1pxPIjUTZ8', 3, 2, 0, '2022-02-24 22:41:34', '0000-00-00 00:00:00', 0),
(104, 'jUYfoFCikzvIXl5bGN8j', 4, 3, 0, '2022-02-24 22:47:38', '0000-00-00 00:00:00', 0),
(105, 'FWkGvn5RArgz7B6X7UjF', 3, 7, 0, '2022-02-24 22:52:41', '0000-00-00 00:00:00', 0),
(106, 'YZWik2zUfDuvS4Kv3qEe', 3, 1, 0, '2022-02-24 23:18:04', '0000-00-00 00:00:00', 0),
(107, 'WssFh9qW0a8H54tgwTv4', 3, 2, 0, '2022-02-24 23:18:49', '0000-00-00 00:00:00', 0),
(108, 'KjjFqD7orQUEXxCiWQOh', 3, 2, 0, '2022-02-24 23:21:24', '0000-00-00 00:00:00', 0),
(109, '2y57Waq7piHldW9PZNWp', 3, 2, 0, '2022-02-25 00:35:43', '0000-00-00 00:00:00', 0),
(110, 'GMetzKFUITlnv8Kh4bM1', 3, 2, 0, '2022-02-25 00:37:24', '0000-00-00 00:00:00', 0),
(111, 'tZ840t4s6My4tstEUOlr', 3, 2, 0, '2022-02-25 00:39:22', '0000-00-00 00:00:00', 0),
(112, 'eZU9tHRzlrFf8oW5he1C', 3, 2, 0, '2022-02-25 00:52:02', '0000-00-00 00:00:00', 0),
(113, '1Rk5mxtJybTDzuxSWQ0Q', 3, 4, 0, '2022-02-25 00:59:01', '0000-00-00 00:00:00', 0),
(114, 'U8XZDAs5gpNdeOVJABrF', 3, 4, 0, '2022-02-25 01:11:04', '0000-00-00 00:00:00', 0),
(115, 'T8euRmaCvkUPoZuDVnoq', 3, 4, 0, '2022-02-25 01:11:42', '0000-00-00 00:00:00', 0),
(116, 'ESB0OL3opz6e9TdPaQPr', 3, 5, 0, '2022-02-25 01:11:56', '0000-00-00 00:00:00', 0),
(117, 'TDtQneMIGuRMN8TIZOad', 3, 4, 0, '2022-02-25 01:15:16', '0000-00-00 00:00:00', 0),
(118, '2vKpST531ATdsQrXghUS', 3, 4, 0, '2022-02-25 01:24:00', '0000-00-00 00:00:00', 0),
(119, 'loXjCJpnWrBxEMlR20Ql', 4, 13, 0, '2022-02-25 03:23:31', '0000-00-00 00:00:00', 0),
(120, 'rFCeyaGrwGnuew0IeKwi', 3, 4, 0, '2022-02-25 03:25:38', '0000-00-00 00:00:00', 0),
(121, 'RaSh3EJFqjpkwIimOTT8', 3, 5, 0, '2022-02-25 10:33:25', '0000-00-00 00:00:00', 0),
(122, '6HDThDvybmd8FXLWarBB', 3, 5, 0, '2022-02-25 10:52:56', '0000-00-00 00:00:00', 0),
(123, '2gpjTmADAVZP8lT3k20a', 3, 2, 0, '2022-02-25 10:55:18', '0000-00-00 00:00:00', 0),
(124, 'yGx78ecqq9vYf6OlV6yq', 3, 20, 0, '2022-02-25 10:56:50', '0000-00-00 00:00:00', 0),
(125, 'pPVkxZhHbXcZDPBnwjEf', 3, 2, 0, '2022-02-25 10:58:13', '0000-00-00 00:00:00', 0),
(126, 'o074i0PJ105AIQLRncG4', 3, 20, 0, '2022-02-25 10:59:13', '0000-00-00 00:00:00', 0),
(127, '7nIcZYlCO8yeOvewTVVZ', 3, 20, 0, '2022-02-25 11:00:02', '0000-00-00 00:00:00', 0),
(128, 'oH9mATYTQYYFgfI9UQcq', 3, 20, 0, '2022-02-25 11:06:15', '0000-00-00 00:00:00', 0),
(129, 'psD1h6pfx0hvDAH4kMCW', 2, 4, 0, '2022-02-25 11:33:12', '0000-00-00 00:00:00', 0),
(130, 'McIfO5ISvoeStGll2BRz', 3, 4, 0, '2022-02-25 11:40:30', '0000-00-00 00:00:00', 0),
(131, 'kn2tTlgkGCQqLmC3BbPe', 2, 4, 0, '2022-02-25 11:50:40', '0000-00-00 00:00:00', 0),
(132, '38Rez7y7DDcxE2zAgHL0', 3, 4, 0, '2022-02-25 11:51:50', '0000-00-00 00:00:00', 0),
(133, '0mp1wi1yh6rErZisRvmR', 2, 4, 0, '2022-02-25 11:52:11', '0000-00-00 00:00:00', 0),
(134, 'fLw1Tvkx3JmRQ4dIb8XK', 2, 4, 0, '2022-02-25 11:54:35', '0000-00-00 00:00:00', 0),
(135, 'HODDaAyd503ih4kFijrY', 3, 4, 0, '2022-02-25 11:57:21', '0000-00-00 00:00:00', 0),
(136, 'fuZq5RrfmZODFF8jQ1d6', 3, 5, 0, '2022-02-25 11:57:57', '0000-00-00 00:00:00', 0),
(137, 'V2ewpAmVBNBSnznGcmM2', 4, 7, 0, '2022-02-25 12:49:47', '0000-00-00 00:00:00', 0),
(138, 'WWYRsnCu66r63hFyXUXB', 3, 5, 0, '2022-02-25 13:59:56', '0000-00-00 00:00:00', 0),
(139, 'bdiaRYEi8fExfZS7qztD', 3, 2, 0, '2022-02-25 14:09:54', '0000-00-00 00:00:00', 0),
(140, '28YjcUuWb3BZs7TWYqaB', 3, 4, 0, '2022-02-25 14:11:55', '0000-00-00 00:00:00', 0),
(141, '4cd2iPinpEVKIoru6ucz', 3, 4, 0, '2022-02-25 14:12:09', '0000-00-00 00:00:00', 0),
(142, 'wVm4gqPv8aSyvChUQwPi', 3, 5, 0, '2022-02-25 14:12:45', '0000-00-00 00:00:00', 0),
(143, 'FklVE0hrhdroqMoicDMI', 4, 5, 0, '2022-02-25 16:34:47', '0000-00-00 00:00:00', 0),
(144, 'ZfWgd8HK02jdVzkh07Z0', 4, 6, 0, '2022-02-25 17:16:22', '0000-00-00 00:00:00', 0),
(145, 'wnYSVbHtqTihYWvjOvW3', 4, 5, 0, '2022-02-25 17:28:52', '0000-00-00 00:00:00', 0),
(146, '7HQpcmUvXYzsWp5nOvgh', 2, 4, 0, '2022-02-25 17:31:32', '0000-00-00 00:00:00', 0),
(147, 'diIyfzD4DUtKCdUqZRMw', 4, 5, 0, '2022-02-25 17:39:44', '0000-00-00 00:00:00', 0),
(148, 'e9N8xlGywemkIlE9M05e', 4, 5, 0, '2022-02-25 18:34:09', '0000-00-00 00:00:00', 0),
(149, 'xFTbPtTFgv1b1wRKgALa', 3, 5, 0, '2022-02-25 20:26:30', '0000-00-00 00:00:00', 0),
(150, 'ovRUhUbp3fLCrRJ3eQQf', 4, 5, 0, '2022-02-25 20:28:57', '0000-00-00 00:00:00', 0),
(151, '3zBy5G8lbmawtWh49zZQ', 4, 5, 0, '2022-02-25 20:47:55', '0000-00-00 00:00:00', 0),
(152, '7y6ftnC1FoPIQbV10Qqe', 2, 4, 0, '2022-02-25 20:54:20', '0000-00-00 00:00:00', 0),
(153, 'vMHD1OG8xiczWIsfQ1IB', 2, 4, 0, '2022-02-25 20:58:52', '0000-00-00 00:00:00', 0),
(154, '03c1aa36-7526-46a5-a13d-d05833c70264', 2, 3, 0, '2022-02-25 21:15:13', '0000-00-00 00:00:00', 1),
(155, 'oObEA3SXsCx0ZmUZNeD6', 2, 21, 0, '2022-02-25 21:24:07', '0000-00-00 00:00:00', 0),
(156, 'D4yYH53sClDFYowSiJ7m', 2, 24, 0, '2022-02-25 21:35:00', '0000-00-00 00:00:00', 0),
(157, 'FQFsX9Lbe0KZrb2iTSRd', 2, 4, 0, '2022-02-25 21:37:14', '0000-00-00 00:00:00', 0),
(158, '7256UyusVggNEJG7EbCu', 2, 4, 0, '2022-02-25 21:39:28', '0000-00-00 00:00:00', 0),
(159, 'JJHv7XgtuDHqLv6S1Fp4', 2, 4, 0, '2022-02-25 23:39:02', '0000-00-00 00:00:00', 0),
(160, 'nZyou6NaY2CcnrH5zTgG', 2, 21, 0, '2022-02-25 23:42:34', '0000-00-00 00:00:00', 0),
(161, 'WCNXF7XZ07AhhNdz87hq', 2, 4, 0, '2022-02-25 23:54:24', '0000-00-00 00:00:00', 0),
(162, '50IdeG91r8EJljJTI2fR', 2, 4, 0, '2022-02-26 00:18:22', '0000-00-00 00:00:00', 0),
(163, 's9aVxsEiczObIxXXHsMY', 2, 6, 0, '2022-02-26 00:19:08', '0000-00-00 00:00:00', 0),
(164, '1T0BSONTuTk0z9WHPvUR', 2, 4, 0, '2022-02-26 00:26:43', '0000-00-00 00:00:00', 0),
(165, 'lEPO2bnn99HJBgChF0pF', 3, 4, 0, '2022-02-26 00:38:04', '0000-00-00 00:00:00', 0),
(166, 'p5YGjPot36Rx8xk6j9dU', 2, 4, 0, '2022-02-26 00:42:57', '0000-00-00 00:00:00', 0),
(167, 'Nu3uMOwNCpRgxYivDg3K', 2, 4, 0, '2022-02-26 00:44:41', '0000-00-00 00:00:00', 0),
(168, 'WgTQJw0hjA2hOA6O7rNW', 4, 6, 0, '2022-02-26 00:49:13', '0000-00-00 00:00:00', 0),
(169, 'GLwc2lnJ1O1bhSpuC2G5', 4, 7, 0, '2022-02-26 00:57:30', '0000-00-00 00:00:00', 0),
(170, 'UoyEjimiAicchUy9GYdJ', 4, 7, 0, '2022-02-26 01:00:02', '0000-00-00 00:00:00', 0),
(171, 'zUQKhg1PAVSUuTOUwrAv', 4, 7, 0, '2022-02-26 01:29:28', '0000-00-00 00:00:00', 0),
(172, 'QB5egwkZlpLk67SLaHiA', 4, 7, 0, '2022-02-26 01:48:49', '0000-00-00 00:00:00', 0),
(173, 'FrSqM4YseMqpKehm1wxA', 4, 7, 0, '2022-02-26 01:49:47', '0000-00-00 00:00:00', 0),
(174, 'rBACcWYUC3Z5wR4nXnS9', 1, 7, 0, '2022-02-26 01:53:58', '0000-00-00 00:00:00', 0),
(175, 'xpeT8YkSUVcXmiyMjtpR', 1, 7, 0, '2022-02-26 01:55:35', '0000-00-00 00:00:00', 0),
(176, 'cSzKMYYM98Sp3PFNqQqt', 1, 1, 1, '2022-02-26 02:00:10', '0000-00-00 00:00:00', 1),
(177, 'K0grifgnCvaf7HWU5W1p', 4, 1, 0, '2022-02-26 02:04:36', '0000-00-00 00:00:00', 0),
(178, 'QmSmadkaQsFgX6BaQ0cZ', 1, 1, 0, '2022-02-26 02:06:07', '0000-00-00 00:00:00', 0),
(179, 'WkxQxFrBJvJbBLDp6eBp', 4, 7, 0, '2022-02-26 02:07:11', '0000-00-00 00:00:00', 0),
(180, 'KPl5DILEVZubHR4dakMW', 2, 21, 0, '2022-02-26 02:08:11', '0000-00-00 00:00:00', 0),
(181, 'JLDnfl7T2O8y8r5NRdd6', 2, 1, 0, '2022-02-26 02:10:21', '0000-00-00 00:00:00', 0),
(182, 'U8cO2mxjM5pjBkejQmwM', 3, 41, 0, '2022-02-26 13:29:58', '0000-00-00 00:00:00', 0),
(183, 'ujh5nJLWBoiJcTlxrdKK', 3, 1, 0, '2022-02-26 13:32:59', '0000-00-00 00:00:00', 0),
(184, 'cyApoTL6mkaqNS3bbzSf', 3, 5, 0, '2022-02-26 13:41:18', '0000-00-00 00:00:00', 0),
(185, 'VXUfPLlf2mPCcs7THpUu', 4, 5, 0, '2022-02-26 13:54:28', '0000-00-00 00:00:00', 0),
(186, 'kONdebj4uL4dQoENc2u9', 4, 7, 0, '2022-02-26 23:19:33', '0000-00-00 00:00:00', 0),
(187, '5CSwYpQSJuIg9dP1ZfMp', 4, 7, 0, '2022-02-27 00:37:14', '0000-00-00 00:00:00', 0),
(188, 'CMJp35qG8trrQRCUIscS', 4, 7, 0, '2022-02-27 00:39:28', '0000-00-00 00:00:00', 0),
(189, 'nnuXDiqCr6lrLREIIpae', 4, 7, 0, '2022-02-27 00:40:20', '0000-00-00 00:00:00', 0),
(190, 'PAAWNheegU647h2MGUKI', 4, 7, 0, '2022-02-27 00:46:56', '0000-00-00 00:00:00', 0),
(191, 'SIDIQrKK01UzPmEqIbm5', 2, 1, 0, '2022-02-27 00:56:36', '0000-00-00 00:00:00', 0),
(192, 'PeL6ZnTqCGRHRuBFchRs', 4, 6, 0, '2022-02-27 00:57:52', '0000-00-00 00:00:00', 0),
(193, 'lmzaJJKOPfpe1ja6MPyi', 2, 1, 0, '2022-02-27 01:00:47', '0000-00-00 00:00:00', 0),
(194, 'y2mUVzUkinqnTj8jH6e3', 2, 24, 0, '2022-02-27 01:09:47', '0000-00-00 00:00:00', 0),
(195, 'DhhAykb6mmJCxHOXpRQ5', 2, 6, 0, '2022-02-27 01:12:15', '0000-00-00 00:00:00', 0),
(196, '6Yl9nMYvxgLR5ACZDM8I', 2, 6, 0, '2022-02-27 02:00:18', '0000-00-00 00:00:00', 0),
(197, 'Lh8kdPq4IpLO9zoQofG6', 2, 6, 0, '2022-02-27 02:01:08', '0000-00-00 00:00:00', 0),
(198, 'rzlEdriM3dJ9YNBbRqgQ', 2, 6, 0, '2022-02-27 02:04:32', '0000-00-00 00:00:00', 0),
(199, 'hmsgo3nfuhkBqHIMuhqW', 4, 6, 0, '2022-02-27 02:12:02', '0000-00-00 00:00:00', 0),
(200, 'UhfAQEsC305ZDkwqjqcg', 4, 6, 0, '2022-02-27 02:13:41', '0000-00-00 00:00:00', 0),
(201, 'yrTmMoJVB3vppJNKBg7H', 4, 6, 0, '2022-02-27 02:19:12', '0000-00-00 00:00:00', 0),
(202, 'nx45l7YjyJPigwytUE4S', 4, 6, 0, '2022-02-27 02:39:46', '0000-00-00 00:00:00', 0),
(203, '0BGFUengZgfpBZHSLcG3', 4, 6, 0, '2022-02-27 02:40:34', '0000-00-00 00:00:00', 0),
(204, 'PPksA2FK5ULfbuFRAZKz', 4, 6, 0, '2022-02-27 02:41:17', '0000-00-00 00:00:00', 0),
(205, '0WX8Bgg2dypBRRvvDh4e', 4, 6, 0, '2022-02-27 02:42:04', '0000-00-00 00:00:00', 0),
(206, '9mZNPFuh12X2bWDG2Jbh', 2, 21, 0, '2022-02-27 07:31:08', '0000-00-00 00:00:00', 0),
(207, '8RMUrIftVhsy3kNoVaIe', 2, 21, 0, '2022-02-27 07:31:23', '0000-00-00 00:00:00', 0),
(208, 'bAyvPjIJV6jFYz2GpuW8', 4, 6, 0, '2022-02-27 07:46:00', '0000-00-00 00:00:00', 0),
(209, 'lCR9Uz6iMVz6entmgvmh', 2, 21, 0, '2022-02-27 07:52:24', '0000-00-00 00:00:00', 0),
(210, 'wgD5zHJJaaQTDQ46A2ha', 2, 21, 0, '2022-02-27 07:52:25', '0000-00-00 00:00:00', 0),
(211, 'kGrVuXIeyNWpFw84xc2E', 2, 21, 0, '2022-02-27 07:52:26', '0000-00-00 00:00:00', 0),
(212, 'RHv4S3T96h56gUwOhA7p', 2, 21, 0, '2022-02-27 07:52:27', '0000-00-00 00:00:00', 0),
(213, 'zhV34dZk7p8Vyx99NSm0', 2, 21, 0, '2022-02-27 07:52:28', '0000-00-00 00:00:00', 0),
(214, 'DG89Vv3dn8V53F40fto8', 2, 21, 0, '2022-02-27 07:52:30', '0000-00-00 00:00:00', 0),
(215, 'qwMf4mYFqIThRDnw6vX0', 2, 21, 0, '2022-02-27 07:52:31', '0000-00-00 00:00:00', 0),
(216, 'aHWybilN0RqAzRgm6ZYk', 2, 21, 0, '2022-02-27 07:52:31', '0000-00-00 00:00:00', 0),
(217, 'HgU7AWYmBtgLjdv1PZzs', 2, 21, 0, '2022-02-27 07:52:32', '0000-00-00 00:00:00', 0),
(218, 'sXrZ0PjoadKojcnOpky1', 2, 21, 0, '2022-02-27 07:52:33', '0000-00-00 00:00:00', 0),
(219, 'fAl5QGgAepZlfVhIAp1m', 2, 21, 0, '2022-02-27 08:06:49', '0000-00-00 00:00:00', 0),
(220, 'ZDQVWQ10aLRocwOO6JXJ', 2, 6, 0, '2022-02-27 08:07:30', '0000-00-00 00:00:00', 0),
(221, '2GBpYPoeZHgc4qGpfGGd', 2, 6, 0, '2022-02-27 08:28:47', '0000-00-00 00:00:00', 0),
(222, 'g4of5mwcIwd4uYzYn5jV', 4, 6, 0, '2022-02-27 10:00:20', '0000-00-00 00:00:00', 0),
(223, 'fy49AWkuP6m7NnCVb6b0', 2, 6, 0, '2022-02-27 10:07:53', '0000-00-00 00:00:00', 0),
(224, 'rFNjv87Fb0A8qeM5uUZF', 4, 6, 0, '2022-02-27 10:13:45', '0000-00-00 00:00:00', 0),
(225, 's3htSura2BoXdZlbkMKG', 4, 6, 0, '2022-02-27 10:22:17', '0000-00-00 00:00:00', 0),
(226, 'BktwNx7d1rbotIeP9UrL', 4, 6, 0, '2022-02-27 10:28:21', '0000-00-00 00:00:00', 0),
(227, '9PuvMX0yDS9QQaiK8ok5', 4, 6, 0, '2022-02-27 10:30:13', '0000-00-00 00:00:00', 0),
(228, 'ucHYxfjN4YiLacMZnpo0', 4, 6, 0, '2022-02-27 10:35:29', '0000-00-00 00:00:00', 0),
(229, '6dxIPwAvKvly0o9juv9D', 4, 6, 0, '2022-02-27 10:43:42', '0000-00-00 00:00:00', 0),
(230, 'HM3DHE9J9NLCi9xBaq7A', 4, 6, 0, '2022-02-27 10:44:48', '0000-00-00 00:00:00', 0),
(231, 'fyoTChO6rCjj7POODIJb', 4, 6, 0, '2022-02-27 10:48:53', '0000-00-00 00:00:00', 0),
(232, 'fcNZUcHbyTBKqGIlX2J5', 3, 4, 0, '2022-02-27 10:50:22', '0000-00-00 00:00:00', 0),
(233, 'yjpLr6iO1JjznlvK3k4z', 3, 1, 0, '2022-02-27 10:52:25', '0000-00-00 00:00:00', 0),
(234, 'IU59M65mqpwHMiGGqeqS', 3, 1, 0, '2022-02-27 10:53:10', '0000-00-00 00:00:00', 0),
(235, 'f3VrIyy0kmVhXQqeZkQP', 3, 1, 0, '2022-02-27 10:53:25', '0000-00-00 00:00:00', 0),
(236, '6maJ62XyP8lYZ26q7MAV', 3, 1, 0, '2022-02-27 10:55:11', '0000-00-00 00:00:00', 0),
(237, 'XOVBV0F1X9VifOrarxNe', 2, 1, 0, '2022-02-27 10:56:49', '0000-00-00 00:00:00', 0),
(238, '4fqBywMrRBdyUx2IamHP', 2, 1, 0, '2022-02-27 10:57:41', '0000-00-00 00:00:00', 0),
(239, 'ygCnAqyKrFC0dbXTUt0g', 4, 5, 0, '2022-02-27 15:31:34', '0000-00-00 00:00:00', 0),
(240, 'HRjztLi70Lp7tcuaVVmJ', 3, 5, 0, '2022-02-27 15:33:20', '0000-00-00 00:00:00', 0),
(241, 'wLx5ASx8iUSLfB58PnVa', 3, 5, 0, '2022-02-27 15:34:13', '0000-00-00 00:00:00', 0),
(242, 'bZALMjPElDfKZF27PWU2', 3, 4, 0, '2022-02-27 15:39:38', '0000-00-00 00:00:00', 0),
(243, 'D1OAnBZ10N8F9ddhj01a', 3, 4, 0, '2022-02-27 15:41:17', '0000-00-00 00:00:00', 0),
(244, 'oDPOuBUdVgrBmkgWUf6y', 3, 5, 0, '2022-02-27 15:42:21', '0000-00-00 00:00:00', 0),
(245, 'MFhHbhIhxqIHrpU3nPmw', 4, 5, 0, '2022-02-27 15:44:17', '0000-00-00 00:00:00', 0),
(246, 'MiJ3PQRKrLE4BXdCnNWU', 3, 5, 0, '2022-02-27 15:56:43', '0000-00-00 00:00:00', 0),
(247, 'Z2JUPnzTjEMoawVcTkha', 3, 5, 0, '2022-02-27 15:57:18', '0000-00-00 00:00:00', 0),
(248, 'TpfmohaPy4Nl9sg50BIE', 3, 5, 0, '2022-02-27 16:00:51', '0000-00-00 00:00:00', 0),
(249, '2bVxCi53JARP12rfphO1', 4, 5, 0, '2022-02-27 16:02:05', '0000-00-00 00:00:00', 0),
(250, 'fUvrdRQk20DfNqSWUI76', 4, 5, 0, '2022-02-27 16:03:13', '0000-00-00 00:00:00', 0),
(251, '5ZnXZwC7h8Xh1SY6jmR0', 2, 1, 0, '2022-02-27 16:05:14', '0000-00-00 00:00:00', 0),
(252, '0mefRAXOXmQpt2Hjg0wK', 2, 1, 0, '2022-02-27 16:05:36', '0000-00-00 00:00:00', 0),
(253, 'iIjPCXhOqXHWz2sCciYA', 2, 1, 0, '2022-02-27 16:07:17', '0000-00-00 00:00:00', 0),
(254, 'lNcHZr4hMI6LcH23NBlj', 4, 1, 0, '2022-02-27 16:13:26', '0000-00-00 00:00:00', 0),
(255, 'OH3UhMSlbaP0mdJAGL3z', 3, 1, 0, '2022-02-27 16:17:48', '0000-00-00 00:00:00', 0),
(256, 'rGnmH1Ih8Ud6J6ZGalaG', 4, 1, 0, '2022-02-27 17:11:59', '0000-00-00 00:00:00', 0),
(257, 'l6ouiZu3VdtPDXU3i64L', 3, 1, 0, '2022-02-27 17:30:49', '0000-00-00 00:00:00', 0),
(258, 'ZLnJHtlmM7TmB04E9Z7r', 2, 1, 0, '2022-02-27 17:32:04', '0000-00-00 00:00:00', 0),
(259, 'tHxzIEHcb9ZhYjS07H3N', 2, 1, 0, '2022-02-27 17:33:27', '0000-00-00 00:00:00', 0),
(260, 'PDkXeWN6BK8wuYsQzwfJ', 4, 8, 0, '2022-02-27 17:52:07', '0000-00-00 00:00:00', 0),
(261, 'NazHA8kCTMseChk34zx0', 3, 5, 0, '2022-02-27 19:32:58', '0000-00-00 00:00:00', 0),
(262, 'vG7mqSdvqDRHbW35A7OV', 3, 5, 0, '2022-02-27 19:34:50', '0000-00-00 00:00:00', 0),
(263, 'pqA1WRlR9kiDuu4bgZd0', 1, 7, 0, '2022-02-27 19:46:40', '0000-00-00 00:00:00', 0),
(264, 'LLnMb9du2kBECJivbhrw', 7, 45, 0, '2022-02-27 19:50:57', '0000-00-00 00:00:00', 0),
(265, 'j2KcsG9tgx7zZ3EkRxrl', 1, 1, 0, '2022-02-27 20:05:02', '0000-00-00 00:00:00', 0),
(266, 'PX5QbmHOlyCKL6uNZDcD', 1, 1, 0, '2022-02-27 20:33:35', '0000-00-00 00:00:00', 0),
(267, 'aUz4bpVyUy82S8bChyUd', 1, 1, 0, '2022-02-27 20:35:21', '0000-00-00 00:00:00', 0),
(268, '39SNdvSzQ8Vfo14fUVGV', 7, 18, 0, '2022-02-27 21:34:18', '0000-00-00 00:00:00', 0),
(269, 'CFc9nsgk3JP2695KjapZ', 1, 18, 0, '2022-02-27 21:40:47', '0000-00-00 00:00:00', 0),
(270, 'kBHuMbnKyyjc3pLgFkp3', 1, 18, 0, '2022-02-27 21:41:49', '0000-00-00 00:00:00', 0),
(271, 'u40jSBvNQPASoKVYrnrN', 1, 18, 0, '2022-02-27 21:43:38', '0000-00-00 00:00:00', 0),
(272, 'v3tPsbI02qcskHjuaBVI', 1, 2, 0, '2022-02-27 21:46:06', '0000-00-00 00:00:00', 0),
(273, 'v8NI85cLx9Jy1TkvziDz', 1, 2, 0, '2022-02-27 21:48:57', '0000-00-00 00:00:00', 0),
(274, 'PJF90hRKqHyOd5MZDMkJ', 1, 1, 0, '2022-02-27 21:50:31', '0000-00-00 00:00:00', 0),
(275, 'WG1307SDgXdkc8HlAj8T', 2, 24, 0, '2022-02-27 22:20:44', '0000-00-00 00:00:00', 0),
(276, 'wxilj0aUc92Qi9jeXXVf', 2, 24, 0, '2022-02-27 22:21:18', '0000-00-00 00:00:00', 0),
(277, 'y6RJbqvV7neQdQUHGmB8', 2, 1, 0, '2022-02-27 22:23:49', '0000-00-00 00:00:00', 0),
(278, 'GI45mH9HXlj5wwXRMhsZ', 3, 11, 0, '2022-02-28 03:09:22', '0000-00-00 00:00:00', 0),
(279, 'OEGWYP7XnGUh25enOBD8', 7, 45, 0, '2022-02-28 03:13:44', '0000-00-00 00:00:00', 0),
(280, 'CVcHqNqeRw93zThPlAaI', 7, 20, 0, '2022-02-28 03:20:18', '0000-00-00 00:00:00', 0),
(281, 'ckR9G80WM9YKYJHC2yJB', 7, 20, 0, '2022-02-28 03:23:55', '0000-00-00 00:00:00', 0),
(282, 'gh3LepYvNScUKXTOxqvm', 7, 20, 0, '2022-02-28 03:24:38', '0000-00-00 00:00:00', 0),
(283, 'VlroWuSmaTRjBewUAwUJ', 1, 18, 0, '2022-02-28 03:31:54', '0000-00-00 00:00:00', 0),
(284, 'VQDaK5dqrVh7XW9KSdvL', 1, 18, 0, '2022-02-28 03:32:31', '0000-00-00 00:00:00', 0),
(285, 'gUwhcF4KituFpdH4C8DH', 1, 18, 0, '2022-02-28 03:34:15', '0000-00-00 00:00:00', 0),
(286, 'mHlIOOL5UzX3UMr7fDbC', 7, 18, 0, '2022-02-28 03:36:46', '0000-00-00 00:00:00', 0),
(287, '1CvZSGquQZiF00a2SrIw', 1, 18, 0, '2022-02-28 03:39:39', '0000-00-00 00:00:00', 0),
(288, 'iLllTp1DwBByweHvU8ER', 1, 18, 0, '2022-02-28 03:42:23', '0000-00-00 00:00:00', 0),
(289, 'I2bB39xUKy4x8eWzg6o5', 7, 20, 0, '2022-02-28 18:03:42', '0000-00-00 00:00:00', 0),
(290, 'MnbTENzEv4zMPl9TG3OJ', 3, 1, 0, '2022-03-01 15:20:24', '0000-00-00 00:00:00', 0),
(291, 'MZPo4WuPJp6X3yuG1mDk', 7, 18, 0, '2022-03-01 15:21:07', '0000-00-00 00:00:00', 0),
(292, 'wp4vlONPdSgTr2IqeHoq', 7, 20, 0, '2022-03-01 15:21:25', '0000-00-00 00:00:00', 0),
(293, 'ImjeVZT5L23ZVBaSMSNa', 3, 1, 0, '2022-03-01 15:40:20', '0000-00-00 00:00:00', 0),
(294, 'mZxbVKqt2R5JEdC1iMGe', 1, 9, 0, '2022-03-01 18:15:15', '0000-00-00 00:00:00', 0),
(295, 'toHbi389BnnHlDKAvQas', 1, 18, 0, '2022-03-01 18:15:27', '0000-00-00 00:00:00', 0),
(296, 'MDbuBFPCSn7ZSpP5Uk6y', 7, 18, 0, '2022-03-01 18:58:46', '0000-00-00 00:00:00', 0),
(297, 'TR5d5jjeaZspFrCPK2dt', 7, 18, 0, '2022-03-01 18:59:41', '0000-00-00 00:00:00', 0),
(298, 'R4ufocVyNG3DFu3tsqSv', 7, 20, 0, '2022-03-01 19:00:26', '0000-00-00 00:00:00', 0),
(299, 'TzvqiKd765L9MNK8Sb3H', 7, 18, 0, '2022-03-01 19:01:55', '0000-00-00 00:00:00', 0),
(300, '6E6tB9b7nexF1ZgXPEdB', 2, 1, 0, '2022-03-01 23:37:22', '0000-00-00 00:00:00', 0),
(301, '9qhGmFcUdLMxnmF6Wo3t', 2, 1, 0, '2022-03-01 23:45:21', '0000-00-00 00:00:00', 0),
(302, 'MV26Sgktwk7o2HqalQxJ', 2, 1, 0, '2022-03-02 00:04:11', '0000-00-00 00:00:00', 0),
(303, 'WA6DYFtDJnTJ9SU2ZhUj', 5, 9, 0, '2022-03-02 14:08:54', '0000-00-00 00:00:00', 0),
(304, 'mpaRwtCwx4c7HuHxk6lo', 1, 1, 0, '2022-03-02 14:17:25', '0000-00-00 00:00:00', 0),
(305, 'Zrl1ePSHKCL631TOpoIN', 5, 1, 0, '2022-03-02 18:22:31', '0000-00-00 00:00:00', 0),
(306, 'g1ycewwVCX2Q7fDzaOQa', 5, 1, 0, '2022-03-02 20:55:00', '0000-00-00 00:00:00', 0),
(307, '1Q5A703QWZTF5ddOAyXO', 5, 1, 0, '2022-03-02 22:19:20', '0000-00-00 00:00:00', 0),
(308, 'uJGJEjC7NgTrlpepYiYy', 5, 11, 0, '2022-03-02 23:01:47', '0000-00-00 00:00:00', 0),
(309, 'JSVnKGsoNykBMwKLE09Y', 1, 7, 0, '2022-03-03 21:56:33', '0000-00-00 00:00:00', 0),
(310, 'vl7xvffqHZ4tmRLC0z69', 1, 1, 0, '2022-03-06 10:50:54', '0000-00-00 00:00:00', 0),
(311, '45UZBHsw6v8B8CNBQSfH', 1, 9, 0, '2022-03-06 11:00:22', NULL, 0),
(312, 'JSqw89Rk9PFYo7ETBRmg', 5, 11, 0, '2022-03-06 11:04:26', NULL, 0),
(313, 'v3ZJWkSnnFJjq6BEaeiu', 5, 0, 1, '2022-03-06 13:25:56', NULL, 1),
(314, 'KIz99DFNjSNhRQPkhjrx', 5, 0, 1, '2022-03-06 13:26:16', NULL, 1),
(315, 'dsuzlmllWztRqgWj0gyJ', 5, 0, 1, '2022-03-06 13:26:56', NULL, 1),
(316, 'AJZcKPxI9sqtyFvQ50zo', 2, 1, 0, '2022-03-06 13:42:49', NULL, 0),
(317, 'nENxHGVaqiS4aGem7p61', 4, 1, 0, '2022-03-06 13:50:16', NULL, 0),
(318, '9i6IBK7wBqJFxUi7Q5vv', 5, 44, 0, '2022-03-06 14:01:46', NULL, 0),
(319, 'DTNiPa6qC1GCymtYmN7W', 5, 9, 1, '2022-03-06 14:15:02', NULL, 1),
(320, 'ai0NC4YTUT6GX8TGjU3O', 1, 9, 0, '2022-03-06 21:52:41', NULL, 0),
(321, 's7QMewt6MYCAXu3J66rx', 1, 0, 1, '2022-03-07 00:08:49', NULL, 1),
(322, 'nKYwTJ7dKEP46z3YjS90', 2, 21, 0, '2022-03-07 02:23:03', NULL, 0),
(323, '9UgLtyBcZWS4jTk7Nlaf', 2, 21, 0, '2022-03-07 02:23:38', NULL, 0),
(324, 'FZgSyNa4Kw4ri7xZKVfF', 2, 21, 0, '2022-03-07 02:23:58', NULL, 0),
(325, 'BgUc9ofPdLqw7lKt1avv', 2, 24, 0, '2022-03-07 02:25:41', NULL, 0),
(326, 'Hf6xcktfHKQLULLbDl7v', 1, 9, 1, '2022-03-08 09:31:01', NULL, 1),
(327, 'u1EkjSdpAkdArtfbztYb', 2, 21, 0, '2022-03-08 09:35:05', NULL, 0),
(328, 'V45aOueWZpVNaoLCCPrR', 2, 21, 0, '2022-03-08 09:35:33', NULL, 0),
(329, 'pj6dM75vT2nC89IHMMAd', 2, 21, 0, '2022-03-08 10:12:39', NULL, 0),
(330, 'Q7O8f0LmQW4wrKMQxLme', 1, 1, 0, '2022-03-08 10:13:22', NULL, 0),
(331, 'F1gPFI2Sk3ALtIVOvxW6', 1, 1, 0, '2022-03-08 10:14:33', NULL, 0),
(332, 'l2OoMx1XvgWsb6V6KHfv', 1, 1, 0, '2022-03-08 10:16:09', NULL, 0),
(333, '4bep5VuuAfiEkzKlBkjd', 1, 1, 0, '2022-03-08 10:18:40', NULL, 0),
(334, '0x1TBT2uPh9VZNosg82n', 3, 1, 0, '2022-03-08 10:18:59', NULL, 0),
(335, 'JlgycX9o5CCz8XblDJlW', 3, 1, 0, '2022-03-08 10:20:06', NULL, 0),
(336, 'H2adcK3NOa1oqPVKcmz4', 3, 1, 0, '2022-03-09 11:32:02', NULL, 0),
(337, 'N8RcvYBb8ho8Num7q5Bj', 1, 2, 0, '2022-03-09 11:33:16', NULL, 0),
(338, 'wxUgNuC2FQOeIk9ze8w0', 1, 7, 0, '2022-03-09 11:34:00', NULL, 0),
(339, 'HAK3rHxnlrJOO9cEavsq', 2, 1, 0, '2022-03-09 11:35:17', NULL, 0),
(340, 'DOG4RlKUDKeDbn0u5NUn', 1, 1, 0, '2022-03-09 11:38:06', NULL, 0),
(341, 'pnNBXUEueST4Rk81Mjra', 2, 0, 1, '2022-03-09 22:06:17', NULL, 1),
(342, 'D8ZwnvqlzUWCN2uNvOQw', 2, 0, 1, '2022-03-09 22:10:14', NULL, 1),
(343, 'K1vHPsLxNB3BqEDFzggp', 3, 0, 1, '2022-03-09 22:18:04', NULL, 1),
(344, 'sFXRPsPfEwJ5Y6cKsWtG', 2, 0, 1, '2022-03-09 23:07:59', NULL, 1),
(345, 'nfPngeI7Ctg9CAu6HOYq', 2, 0, 1, '2022-03-09 23:08:37', NULL, 1),
(346, '1GWiPFy7SzpntXU7jSIH', 1, 0, 1, '2022-03-09 23:11:09', NULL, 1),
(347, 'oHjJR99E8rxLvcI3oV0V', 1, 1, 1, '2022-03-09 23:13:26', NULL, 1),
(348, '4Hw0VWnF8BjqfGRUatOG', 2, 21, 0, '2022-03-09 23:29:01', NULL, 0),
(349, 'hn1PZcTJZDRuVkBEBXi1', 2, 4, 1, '2022-03-09 23:49:45', NULL, 1),
(350, 'r9QLmPTdhFe9hP36cze1', 2, 0, 1, '2022-03-09 23:50:32', NULL, 1),
(351, 'EOoeSakHTJSdR4yDnjzc', 2, 21, 0, '2022-03-10 00:15:40', NULL, 0),
(352, 'rkj8itWNg1BHSveInEsY', 2, 24, 0, '2022-03-10 00:18:26', NULL, 0),
(353, 'QrE6IZYX7qsF7KwF5mJT', 2, 21, 0, '2022-03-10 00:20:03', NULL, 0),
(354, 'ogelAfsDK1zEecNbPgTJ', 2, 21, 0, '2022-03-10 00:21:36', NULL, 0),
(355, 'Ht2jYmtnKJu2xqlHogbF', 1, 21, 0, '2022-03-10 00:22:58', NULL, 0),
(356, 'essObM517VF03i7f8ovK', 2, 42, 0, '2022-03-10 00:25:56', NULL, 0),
(357, '98L6qymW2zPMv7GFOMW2', 3, 4, 0, '2022-03-10 00:37:31', NULL, 0),
(358, '43z7qLFouMMVJ1iySF2x', 2, 4, 0, '2022-03-10 00:49:50', NULL, 0),
(359, 'tiOVQ8IOd1VKPldsmCRu', 2, 4, 0, '2022-03-10 00:51:27', NULL, 0),
(360, 'fV6JuOQgyLvBN1bfBf8O', 2, 3, 0, '2022-03-10 01:17:06', NULL, 1),
(361, '5qX3whzK1nc7HSkbpEQp', 2, 24, 0, '2022-03-10 01:20:10', NULL, 0),
(362, 'KGpSN0EJoWDSBHQYaVJO', 2, 1, 0, '2022-03-10 01:22:37', NULL, 0),
(363, 'QBF9qvBW3l7rNJKhVlar', 2, 1, 0, '2022-03-10 01:34:21', NULL, 0),
(364, 'BMF2yYWe3JdZtkZQmfPQ', 2, 1, 0, '2022-03-10 01:38:25', NULL, 0),
(365, 'OMNwgbZmBNpY7eLWULDp', 1, 2, 0, '2022-03-10 01:48:15', NULL, 1),
(366, 'UQ8DWan3aWSoUabEZbSU', 3, 1, 0, '2022-03-10 01:56:36', NULL, 1),
(367, '9Xmc0Z06lFvCA893LMjJ', 3, 1, 0, '2022-03-10 01:59:48', NULL, 1),
(368, 'e0rTmf2PiRD5CanhimzU', 3, 1, 0, '2022-03-10 02:01:17', NULL, 1),
(369, 'AVmVEq10ZNX7UjnFGUXk', 3, 2, 0, '2022-03-10 02:02:20', NULL, 1),
(370, '2ZKQwBdgnn7pk7j5aw3y', 3, 1, 0, '2022-03-10 02:06:53', NULL, 1),
(371, 'JnI6lSUrnzasuA9wSfOR', 3, 2, 1, '2022-03-10 02:07:51', NULL, 1),
(372, 'WR7UoDiVXXZlKrlzrkpp', 3, 0, 1, '2022-03-10 02:09:00', NULL, 1),
(373, 'WbvffGRZA3b5yPpXEOva', 3, 0, 1, '2022-03-10 02:17:23', NULL, 1),
(374, 'FuTee1GxVVTzasLsrUHB', 1, 0, 1, '2022-03-10 02:17:35', NULL, 1),
(375, 'DsPkurAcYyBSfYCeMArg', 3, 0, 1, '2022-03-10 02:19:53', NULL, 1),
(376, 'CpE9NuPxbr9aGGGzdBYL', 3, 2, 0, '2022-03-10 02:20:49', NULL, 1),
(377, 'PauaCcjPP95vj6kQutKs', 3, 2, 0, '2022-03-10 02:21:16', NULL, 1),
(378, 'kJ3o35EW32bM4QyVrDqL', 3, 1, 0, '2022-03-10 02:21:28', NULL, 1),
(379, '6JJLEXyTAqsKmTwnjCqM', 3, 0, 1, '2022-03-10 02:25:28', NULL, 1),
(380, 'SuyYcqzJIhPuT4PKNK0W', 2, 21, 0, '2022-03-10 04:35:00', NULL, 0),
(381, 'HOK4cVuAhlqWnjIykc8G', 3, 4, 0, '2022-03-10 04:35:48', NULL, 0),
(382, '2XGorMnwxRYVR5Xb4i2b', 5, 6, 1, '2022-03-10 15:19:38', NULL, 1),
(383, 'TfJTST3wRFfR9hj6QEi9', 2, 1, 0, '2022-03-10 15:35:04', NULL, 0),
(384, 'BAxu4JbnhS9FmtR3Sa6O', 1, 21, 0, '2022-03-10 15:51:15', NULL, 0),
(385, 'ErZlYVlBum2dy7Lm7MVk', 2, 1, 0, '2022-03-10 17:32:13', NULL, 0),
(386, '0hHFDf24Ke5tiPQXDNmx', 1, 0, 1, '2022-03-10 17:34:22', NULL, 1),
(387, '4SzI0A3PAbycHADxDAIu', 2, 1, 0, '2022-03-10 17:35:54', NULL, 0),
(388, 'FQo65XEVEoAzRGt69Jlt', 2, 4, 1, '2022-03-10 17:36:56', NULL, 1),
(389, 'AquN128JCLUAI4MkfFzS', 2, 1, 0, '2022-03-10 18:06:19', NULL, 0),
(390, 'qqX0Eu0dnGGU3rSYqlpD', 1, 1, 0, '2022-03-10 18:07:23', NULL, 0),
(391, 'rR4tLlDYt0lO0EK8uzU7', 2, 0, 1, '2022-03-10 19:08:00', NULL, 1),
(392, 'YbO2UzBBBzTtyXdCzMEr', 1, 1, 0, '2022-03-10 21:49:25', NULL, 0),
(393, 'ANtLfb4V7CJE0lwBq2WZ', 5, 0, 1, '2022-03-11 12:08:37', NULL, 1),
(394, 'YiK8nRaFGTA4ywDICZuR', 3, 0, 1, '2022-03-11 17:27:42', NULL, 1),
(395, '6mQTWSfTZl6ryhObUQ54', 5, 9, 0, '2022-03-12 06:55:18', NULL, 0),
(396, '2vHKdmYLEZIYcFS15pgT', 2, 47, 0, '2022-03-13 18:45:02', NULL, 0),
(397, 'aUxsA2LBJ2DX2nlrG95C', 2, 10, 0, '2022-03-13 18:48:17', NULL, 0),
(398, 'ygzXidrvAvl4vWMQKmlt', 4, 0, 1, '2022-03-14 17:39:05', NULL, 1),
(399, 'Jp6q0ZxNIdDNTEVeQYFn', 4, 6, 0, '2022-03-16 17:55:06', NULL, 0),
(400, 'tXjraSs3gqC6LmLV09kD', 7, 44, 0, '2022-03-28 22:52:45', NULL, 0),
(401, 'PdwEv0tAXdOpeiTXDdry', 7, 44, 0, '2022-03-28 22:53:19', NULL, 0),
(402, 'eVv1TV2WYaIlZA51Df6W', 5, 44, 0, '2022-03-28 23:34:06', NULL, 0),
(403, '0OpFCeR9OFZs6sfb0Wpo', 7, 44, 0, '2022-03-29 00:29:18', NULL, 0),
(404, 'viVqyduPT6HzyXjS6kWd', 5, 44, 0, '2022-04-03 20:57:11', NULL, 0),
(405, 'w4Y1Svw7PkJZyJYlYfVU', 7, 44, 0, '2022-04-03 20:58:18', NULL, 0),
(406, 'zxo3NSZTtasiCAJhXGsN', 5, 44, 0, '2022-04-03 20:59:28', NULL, 0),
(407, 'axXqZBlIpQ31tacf2I5i', 7, 44, 0, '2022-04-03 21:00:28', NULL, 0),
(408, 'KoZXGcqGXBmnp3089WtU', 5, 44, 0, '2022-04-04 07:09:49', NULL, 0),
(409, 'tacp32O9u3p0PP4eQAdy', 5, 44, 0, '2022-04-04 13:13:12', NULL, 0),
(410, 'tSvMpiNZ8gcu5EvzAwVG', 2, 1, 0, '2022-04-05 08:58:19', NULL, 0),
(411, 'Jx42SCNYQwET24gFo9HR', 1, 24, 0, '2022-04-13 12:10:28', NULL, 0),
(412, 'rZZ7CXbqHns88L1FjbV0', 5, 1, 0, '2022-04-13 12:14:25', NULL, 0),
(413, 'IOeAOiVQV9w4h4FVBWQ9', 1, 9, 0, '2022-04-16 18:23:29', NULL, 0),
(414, 'uPQ81kddWFDZcWA9a4mi', 1, 9, 0, '2022-04-16 18:26:22', NULL, 0),
(415, 'dtuUDfyXyxZyPGwGxI4T', 5, 9, 0, '2022-04-26 01:04:02', NULL, 0),
(416, '3ioKLxvhSnHHOWaFGayo', 1, 9, 0, '2022-04-26 01:04:39', NULL, 0),
(417, 'rfUtRsZBSClixNBLpmpl', 5, 9, 0, '2022-04-26 01:05:45', NULL, 0),
(418, 'xtq7ax2jQz3eIYzCfPFR', 1, 21, 0, '2022-04-26 01:07:11', NULL, 0),
(419, '2uKQu0ftZdsXSHw56VT4', 1, 9, 0, '2022-04-26 01:10:44', NULL, 0),
(420, 'cp5fnhq40cKxE5hZJ3fR', 5, 9, 0, '2022-04-26 01:17:17', NULL, 0),
(421, 'pzn7eH2mlgq628as2WzC', 1, 24, 0, '2022-04-26 07:36:46', NULL, 0),
(422, '0KrWFXBJgjcqbiYDsXYL', 2, 24, 0, '2022-04-26 08:55:50', NULL, 0),
(423, 'brZ6S0ffbrz126HxvLQC', 2, 1, 0, '2022-04-26 15:25:36', NULL, 0),
(424, 'tusbpMa49sW3fhAJx17x', 2, 21, 0, '2022-04-26 15:27:42', NULL, 0),
(425, 'YlIaEAVRzgXafYZzEUm0', 2, 21, 0, '2022-04-26 15:28:43', NULL, 0),
(426, 'XB08L5tVdehXgUxIWS3f', 2, 21, 0, '2022-04-26 15:37:21', NULL, 0),
(427, 'gdKH30HXeyxJ7z1QFB5i', 5, 1, 0, '2022-04-27 01:49:00', NULL, 0),
(428, 'E7rbHg3vYrJKiektMf16', 2, 21, 0, '2022-05-01 13:10:11', NULL, 0),
(429, 'Z0EfYuigjhRneecoreiv', 1, 21, 0, '2022-05-01 13:11:23', NULL, 0),
(430, 'Zbx50CaWd1aK9jqIJGYG', 1, 21, 0, '2022-05-01 13:11:50', NULL, 0),
(431, 'b2vXYXamMIGWHJi5qFUL', 1, 21, 0, '2022-05-01 13:20:14', NULL, 0),
(432, 'nX3d4k4ZxV2JEqA4x4aw', 2, 24, 0, '2022-05-01 13:29:00', NULL, 0),
(433, 'hgBicX2O6Ok4qiCNL45l', 2, 21, 0, '2022-05-01 13:30:15', NULL, 0),
(434, 'i8pewrXG6KU3ximLNqiy', 2, 21, 0, '2022-05-01 13:31:11', NULL, 0),
(435, '0JB3vL7ssfYlDdg9s2FI', 1, 21, 0, '2022-05-01 13:42:39', NULL, 0),
(436, 'JBS7qDPuYNSNb4FeOkFQ', 1, 21, 0, '2022-05-01 13:42:53', NULL, 0),
(437, 'kgwtOfKL6OutJE1zHleg', 3, 1, 0, '2022-05-01 13:51:09', NULL, 0),
(438, 'Ew0tnr2rW9eifaOH4kev', 3, 1, 0, '2022-05-01 14:09:10', NULL, 0),
(439, 'xJK3a6DwUZiUhXvJetTs', 3, 1, 0, '2022-05-01 14:12:26', NULL, 0),
(440, 'dVR38V81r4JOCFi2wkMq', 1, 2, 0, '2022-05-01 14:14:46', NULL, 0),
(441, 'l4rM8QWS4gO0LMZ8exQg', 1, 2, 0, '2022-05-01 14:15:10', NULL, 0),
(442, 'JdFX3jYllibsxohj6Q2H', 1, 2, 0, '2022-05-01 14:15:31', NULL, 0),
(443, 'hVcBOO3YAjICApS2uhCH', 1, 2, 0, '2022-05-01 14:15:44', NULL, 0),
(444, 'ZD3WXOSu6v8YFfr1Gx25', 1, 1, 0, '2022-05-02 22:56:30', NULL, 0),
(445, 'sZ6iqsHe3nIjQZEGlH5P', 1, 1, 0, '2022-05-02 22:57:22', NULL, 0),
(446, 'E9yNHwhhDMXO5JMjeA5S', 2, 1, 0, '2022-05-02 22:58:50', NULL, 0),
(447, 'sPNiLtjYsLBLSMAk3OWe', 2, 21, 0, '2022-05-04 19:14:42', NULL, 0),
(448, '74R7HZvjugwsWdyxXEat', 1, 18, 0, '2022-05-04 19:16:26', NULL, 0),
(449, 'Gw1snJDdKY9rSQSiBFQs', 1, 18, 0, '2022-05-04 19:36:41', NULL, 0),
(450, 'Yas5CseyEZs8xdL1cW8F', 2, 6, 0, '2022-05-06 16:22:45', NULL, 0),
(451, 'QSWUwj97Oiq6OgJmpcPy', 2, 4, 0, '2022-05-06 18:59:31', NULL, 0),
(452, 'zjRG1aN7sHSUg1qJfXzu', 2, 4, 0, '2022-05-06 19:01:50', NULL, 0),
(453, 'ehRH9Ic1l1vyRPzZECcz', 2, 24, 0, '2022-05-10 21:24:03', NULL, 0),
(454, 'ZJtwecQKJLHL89GZrita', 1, 7, 0, '2022-05-10 22:04:55', NULL, 0),
(455, '3M5iZqsZbF282fizt9bE', 2, 6, 0, '2022-05-12 00:54:54', NULL, 0),
(456, 'Z9RbxTaSQoWV94nIpHH4', 2, 4, 0, '2022-05-12 00:56:25', NULL, 0),
(457, 'qlyIjS2iIiwyMkqgiPgM', 2, 6, 0, '2022-05-12 07:28:12', NULL, 0),
(458, 'eaeRvwhlbGiwWq05QZas', 2, 1, 0, '2022-05-19 21:01:22', NULL, 0),
(459, 'ahCqI2I1SrGYq4hIAETL', 2, 1, 0, '2022-05-19 21:01:50', NULL, 0),
(460, 'zrCV2dX2lsUZ3fqD4x2c', 2, 4, 0, '2022-05-19 21:02:39', NULL, 1),
(461, 'kJYOD1xJQH6XvPb1PEgP', 2, 3, 0, '2022-05-19 21:36:25', NULL, 1),
(462, 'nAUeXKrcW8X8K861ZG1S', 1, 7, 0, '2022-05-19 21:41:52', NULL, 0),
(463, 'hdY248ooF7kExfDaXZyi', 1, 4, 0, '2022-05-19 21:43:09', NULL, 1),
(464, 'nnDAkwx5trvfhSsn3DR5', 1, 2, 0, '2022-05-19 21:43:18', NULL, 0),
(465, 'XltX9yfMa9YHBSazcQ50', 1, 24, 0, '2022-05-19 21:46:16', NULL, 0),
(466, 'cSed1jecpjC7iAmmkRjt', 2, 39, 0, '2022-05-20 16:42:19', NULL, 0),
(467, 't9iUtLhgZYajbVvvKJn2', 3, 11, 0, '2022-05-20 16:43:01', NULL, 0),
(468, 's4U3LEUuw6j2CHSRBOvA', 3, 11, 0, '2022-05-20 21:05:26', NULL, 0),
(469, '4eLWVyD1JysoNghZNtKS', 2, 25, 0, '2022-05-21 17:10:50', NULL, 0),
(470, 'Gk3WdCgiEPlPaaGiFkKn', 1, 25, 0, '2022-05-21 21:33:07', NULL, 0),
(471, 'Aap2HBHZydQ7c5sGsaGJ', 2, 25, 0, '2022-05-21 21:37:01', NULL, 0),
(472, 'xSjgwJ5maNriTaJwC1jA', 1, 7, 0, '2022-05-21 22:43:19', NULL, 0),
(473, '21Ob1nMJEnlsFYGbfEdQ', 1, 2, 0, '2022-05-21 22:48:52', NULL, 0);

-- --------------------------------------------------------

--
-- Table structure for table `eventparticipants`
--

CREATE TABLE `eventparticipants` (
  `id` int NOT NULL,
  `eventId` int NOT NULL,
  `participantId` int NOT NULL,
  `attending` int NOT NULL
) ENGINE=InnoDB DEFAULT CHARSET=utf8mb4 COLLATE=utf8mb4_0900_ai_ci;

--
-- Dumping data for table `eventparticipants`
--

INSERT INTO `eventparticipants` (`id`, `eventId`, `participantId`, `attending`) VALUES
(13, 7, 2, 1),
(14, 8, 2, 1),
(15, 9, 3, 1),
(16, 9, 5, 1),
(17, 9, 2, 1),
(18, 10, 2, 1),
(19, 11, 2, 1),
(20, 12, 1, 1),
(21, 12, 4, 1),
(22, 12, 5, 1),
(23, 12, 3, 1),
(24, 12, 2, 1),
(25, 13, 7, 1),
(26, 13, 8, 1),
(27, 13, 6, 1),
(28, 13, 2, 1),
(29, 14, 7, 2),
(30, 14, 5, 2),
(31, 15, 7, 2),
(32, 15, 5, 2),
(33, 16, 6, 2),
(34, 16, 7, 2);

-- --------------------------------------------------------

--
-- Table structure for table `events`
--

CREATE TABLE `events` (
  `eventId` int NOT NULL,
  `ownerId` int NOT NULL,
  `title` text NOT NULL,
  `eventLocation` text NOT NULL,
  `context` text NOT NULL,
  `activityLink` text,
  `details` text,
  `startTime` text NOT NULL,
  `endTime` text NOT NULL,
  `occurrence` int NOT NULL,
  `recurrenceType` int DEFAULT NULL,
  `startRecurrenceDate` text,
  `endRecurrenceDate` text,
  `type` int NOT NULL,
  `oneTimeDate` text
) ENGINE=InnoDB DEFAULT CHARSET=utf8mb4 COLLATE=utf8mb4_0900_ai_ci;

--
-- Dumping data for table `events`
--

INSERT INTO `events` (`eventId`, `ownerId`, `title`, `eventLocation`, `context`, `activityLink`, `details`, `startTime`, `endTime`, `occurrence`, `recurrenceType`, `startRecurrenceDate`, `endRecurrenceDate`, `type`, `oneTimeDate`) VALUES
(7, 2, 'own training\nbusiness days\n2022-03-23 -> 2022-03-31\n', 'Office nr 2', 'Training', '', '', '15:00:00', '17:10:00', 2, 3, '2022-03-23', '2022-03-31', 2, NULL),
(8, 2, 'every day 2022-03-24 -> 2022-03-31', 'public_html/wp-content', '009l', '', '', '13:15:00', '13:00:00', 2, 1, '2022-03-24', '2022-03-31', 1, NULL),
(9, 2, 'onetime task', 'online', 'testing', '', 'one more one time task', '09:00:00', '11:00:00', 1, NULL, NULL, NULL, 2, '2022-03-25'),
(10, 2, 'Thursday Meeting', 'Poland', 'SCRUM', '', '', '12:00:00', '14:00:00', 2, 2, '2022-04-06', '2022-04-28', 1, NULL),
(11, 2, 'weekends 2022-04-06 -> 2022-05-31', 'TEAMS', 'SCRUM Weekend', '', '', '11:00:00', '14:00:00', 2, 4, '2022-04-06', '2022-05-31', 1, NULL),
(12, 2, 'Every tuesday', 'Brussels', 'International ', 'no link', 'Lorem ipsum dolor sit amet consectetur adipisicing elit. Maxime mollitia,\nmolestiae quas vel sint commodi repudiandae consequuntur voluptatum laborum\nnumquam blanditiis harum quisquam eius sed odit fu', '08:40:00', '12:00:00', 2, 2, '2022-09-07', '2022-09-28', 1, NULL),
(13, 2, 'Testing Everyday with sundays', 'Helsinki', 'Docker', 'ooooooooooooohh', 'Lorem ipsum dolor sit amet consectetur adipisicing elit. Maxime mollitia,\nmolestiae quas vel sint commodi repudiandae consequuntur voluptatum laborum\nnumquam blanditiis harum quisquam eius sed odit fu', '12:00:00', '13:00:00', 2, 1, '2022-05-01', '2022-07-31', 2, NULL),
(14, 5, 'Sunday Test', 'Poland', 'International ', 'hool', 'This is the descri[io;sdjkfasdfblasbdhfljbasdl s\ndafsdgasdfga\nsfgkasdk ajk scj kd kasdc\nasdjas dcj as da\nsdfbasdf\nasd\nrfyb rdfjver\ngsef aekf vset;w\n4r5rdmff vskrthye\nsfghdfg', '17:25:00', '19:00:00', 2, 1, '2022-04-06', '2022-04-30', 1, NULL),
(15, 5, 'ok', 'public_html/wp-content', 'iyughij', 'iii', 'ytrsgdfguiyopjlknnnbb\'\n\nkjhyuijhnb\njhgyuikj\nhyuoik\nyi8oikjbn\n0ii', '12:00:00', '12:00:00', 2, 1, '2022-04-06', '2022-04-09', 1, NULL),
(16, 7, 'utyfdcv', 'Poland', 'knknkb', '', 'tredsfguiyhguyhgyuhuyhg-========================================================', '12:00:00', '12:00:00', 2, 1, '2022-04-05', '2022-04-12', 2, NULL);

-- --------------------------------------------------------

--
-- Table structure for table `message`
--

CREATE TABLE `message` (
  `id` int NOT NULL,
  `message` text NOT NULL,
  `roomID` int NOT NULL,
  `userID` int NOT NULL,
  `timeStamp` datetime NOT NULL DEFAULT CURRENT_TIMESTAMP
) ENGINE=InnoDB DEFAULT CHARSET=utf8mb4 COLLATE=utf8mb4_0900_ai_ci;

--
-- Dumping data for table `message`
--

INSERT INTO `message` (`id`, `message`, `roomID`, `userID`, `timeStamp`) VALUES
(1, 'Hellowww', 1, 1, '2022-01-07 10:34:01'),
(2, 'Protocol ID:	d77491a7-a681-4b6c-8c6a-12f91264f6d1protocol\nError Pattern Title:	LIDL FR: Imprimante Backoffice\nSnapshot version:	15335\nSearch term:	impriamnte bo\n\nAnswered questions:\n	\n1. Quelle est le type d\'imprimante?	-> HP\n2. Quel est le dysfonctionnement?	-> Matriel, (Hardware)\n\nSolutions:\n	\n1. Faire une demande d\'intervention sur le site HP	successful', 1, 1, '2022-01-07 12:15:21'),
(3, 'again?', 1, 1, '2022-01-07 12:43:07'),
(4, 'okay', 2, 3, '2022-01-07 14:08:16'),
(5, 'again', 2, 3, '2022-01-07 14:08:33'),
(6, 'encore?', 2, 3, '2022-01-07 14:12:47'),
(7, 'here we go', 2, 1, '2022-01-07 14:14:36'),
(8, 'my message again', 2, 1, '2022-01-07 14:29:03'),
(9, 'ok', 2, 1, '2022-01-07 14:29:26'),
(10, 'and she knows', 2, 1, '2022-01-07 14:54:05'),
(11, 'ohhhh', 2, 3, '2022-01-07 15:00:11'),
(12, 'does she know?', 2, 3, '2022-01-07 15:00:19'),
(13, 'yeahh', 2, 1, '2022-01-07 15:00:27'),
(14, 'she nkows well', 2, 1, '2022-01-07 15:00:33'),
(15, 'ok', 2, 3, '2022-01-07 15:01:21'),
(16, 'once again', 2, 3, '2022-01-07 15:01:44'),
(17, 'o mukwano', 2, 1, '2022-01-07 15:01:58'),
(18, 'weekdndi', 1, 1, '2022-01-07 15:02:14'),
(19, 'wow it is working', 1, 1, '2022-01-07 15:02:36'),
(20, 'ugire umunsi mwiza', 4, 3, '2022-01-07 15:08:49'),
(21, 'ijwi shahh', 4, 3, '2022-01-07 15:09:16'),
(22, 'Salama', 1, 2, '2022-01-08 00:22:39'),
(23, 'ok', 1, 2, '2022-01-08 00:23:11'),
(24, 'yo', 4, 2, '2022-01-08 00:24:38'),
(25, 'okie', 4, 2, '2022-01-08 02:10:41'),
(26, 'oki', 5, 4, '2022-01-08 10:18:56'),
(27, 'Hii', 5, 4, '2022-01-08 11:01:38'),
(28, 'are you okay?', 5, 4, '2022-01-08 11:01:55'),
(29, 'hahahaha', 6, 4, '2022-01-08 11:02:14'),
(30, 'once again', 5, 4, '2022-01-08 11:05:10'),
(31, 'jsfsdf', 6, 4, '2022-01-08 15:31:25'),
(32, 'ksdjfdnjsfkjsnd', 6, 4, '2022-01-08 15:31:49'),
(33, 'HI', 7, 4, '2022-01-08 23:49:14'),
(34, 'hahahah', 7, 4, '2022-01-08 23:49:58'),
(35, 'HeyLoooo', 8, 4, '2022-01-09 00:23:08'),
(36, 'jweccwc', 7, 4, '2022-01-09 00:49:19'),
(37, 'lk', 7, 4, '2022-01-09 00:49:22'),
(38, 'jjnolnk', 7, 1, '2022-01-09 00:49:47'),
(39, 'jere', 7, 4, '2022-01-09 00:51:04'),
(40, 'e e', 7, 1, '2022-01-09 00:51:10'),
(41, 'kstst', 7, 4, '2022-01-09 00:51:24'),
(42, 'ijii', 7, 1, '2022-01-09 00:51:30'),
(43, 'yo', 9, 5, '2022-01-09 00:54:58'),
(44, 'salaama', 9, 5, '2022-01-09 00:55:24'),
(45, 'hi man', 10, 5, '2022-01-09 01:22:21'),
(46, 'salama', 9, 1, '2022-01-10 12:11:23'),
(47, 'umeze fresh se>?', 9, 1, '2022-01-10 12:11:32'),
(48, 'mwana ibintu byarakomeye', 9, 1, '2022-01-10 12:11:40'),
(49, 'igo se?', 9, 5, '2022-01-10 12:11:45'),
(50, 'koko byarakomeye?', 9, 5, '2022-01-10 12:11:56'),
(51, 'igo mwan', 9, 1, '2022-01-10 12:12:04'),
(52, 'okay', 9, 5, '2022-01-10 12:12:56'),
(53, 'test', 11, 5, '2022-01-10 12:53:32'),
(54, 'hi man', 11, 5, '2022-01-10 20:05:23'),
(55, 'good', 11, 5, '2022-01-10 20:05:29'),
(56, 'my first testt', 12, 6, '2022-01-10 20:08:43'),
(57, 'mesage 1 array test', 13, 6, '2022-01-10 20:18:09'),
(58, 'again?', 13, 6, '2022-01-10 20:18:24'),
(59, 'heheee', 14, 6, '2022-01-10 20:37:44'),
(60, 'lets goo', 15, 6, '2022-01-10 20:59:12'),
(61, 'previously wasted', 16, 6, '2022-01-10 21:06:27'),
(62, 'heyyy', 16, 6, '2022-01-10 21:06:35'),
(63, 'hi', 16, 1, '2022-01-10 21:06:40'),
(64, 'how are you?', 16, 1, '2022-01-10 21:06:47'),
(65, 'i am fine my dear', 16, 6, '2022-01-10 21:06:55'),
(66, 'i can see it is finally working', 16, 1, '2022-01-10 21:07:06'),
(67, 'hahahah', 7, 1, '2022-01-10 21:45:53'),
(68, 'bava  kure', 7, 1, '2022-01-10 21:45:57'),
(69, 'hhh', 1, 1, '2022-01-10 21:47:15'),
(70, 'hello', 7, 1, '2022-01-10 23:46:11'),
(71, 'iuyhjko987ytghho909oikj0-98yufghiokjhgft6789ikjhgyt679iokljbgt6790opkljhgyt679oikjh  bn vg7h8injh gvghjni j ghjni jb yghj9ni jb gvyg7jmk b gvyghkmok b gvyg7uikomk  fcfymkbvdrenb vghn j vghjmk  vguik,  ftyuikm cfrt678okm vgyuikjiijhoijbg9olm cfm  bhuo,m  gy9ol,  bhu90pl,  ghyu890-;l,m cdr678olkmnbgt789okjbvftolmftyuiol,  vgyui jn jn ikm jikm km  uiolm cft790olkmnbvfr59oknvcsw4589knbvft678okm m in bhu90plkmnbvcxse49', 1, 1, '2022-01-11 01:18:22'),
(72, 'ok', 16, 1, '2022-01-11 07:20:29'),
(73, 'okkkk', 16, 1, '2022-01-11 07:20:46'),
(74, 'Test', 16, 1, '2022-01-11 07:24:53'),
(75, 'Sallalallalallala', 7, 1, '2022-01-12 10:23:20'),
(76, 'hello', 1, 2, '2022-01-12 16:03:19'),
(77, 'okayyyy', 16, 1, '2022-01-12 20:38:42'),
(78, 'njonogooo', 16, 1, '2022-01-12 20:38:47'),
(79, 'oh  ma head njonogi', 16, 1, '2022-01-12 20:38:57'),
(80, 'ntuziko dutaha kare', 16, 1, '2022-01-12 20:39:18'),
(81, 'Yo man', 4, 3, '2022-01-12 23:57:25'),
(82, 'why don\'t you send messages?', 4, 3, '2022-01-12 23:57:34'),
(83, 'we have missed you!', 4, 3, '2022-01-12 23:57:41'),
(84, 'I am the one who does not send ', 14, 3, '2022-01-12 23:58:06'),
(85, 'roteti', 1, 2, '2022-01-15 20:29:58'),
(86, 'so bebi reset', 1, 2, '2022-01-15 20:30:06'),
(87, 'njahala mind tru riseti', 1, 2, '2022-01-15 20:30:16'),
(88, 'so bebi reseti', 1, 2, '2022-01-22 11:39:56'),
(89, 'itsa wikendi', 1, 1, '2022-01-22 11:40:11'),
(90, 'roteti', 1, 1, '2022-01-22 11:40:15'),
(91, 'hahahhahahahahahaa', 1, 1, '2022-01-22 11:40:19'),
(92, 'guys', 1, 2, '2022-01-22 11:40:22'),
(93, 'see/?', 1, 2, '2022-01-22 11:40:24'),
(94, 'solooooooooooooooooooooooooooooooo', 7, 1, '2022-01-23 13:10:51'),
(95, 'hahaha', 14, 6, '2022-01-23 21:00:24'),
(96, 'you are!!', 14, 6, '2022-01-23 21:00:31'),
(97, 'uri', 16, 6, '2022-01-23 22:41:25'),
(98, 'ndiho', 12, 6, '2022-01-23 23:11:34'),
(99, 'hhhhhhhah', 16, 6, '2022-01-24 00:28:29'),
(100, 'goooo', 16, 6, '2022-01-24 00:28:59'),
(101, 'jooooo', 12, 6, '2022-01-24 00:29:16'),
(102, 'ok', 12, 6, '2022-01-24 00:30:16'),
(103, 'haa', 16, 6, '2022-01-24 00:42:12'),
(104, 'ok', 17, 7, '2022-01-24 09:03:41'),
(105, 'koko', 17, 7, '2022-01-24 09:03:52'),
(106, 'Hiiii', 20, 7, '2022-01-24 12:33:12'),
(107, 'hi', 16, 1, '2022-01-25 22:54:07'),
(108, 'how', 16, 1, '2022-01-25 22:55:42'),
(109, 'hi', 9, 1, '2022-01-25 23:03:04'),
(110, 'are you crazy?', 9, 1, '2022-01-25 23:03:18'),
(111, 'nope', 9, 5, '2022-01-25 23:03:57'),
(112, 'are you?', 9, 5, '2022-01-25 23:04:02'),
(113, 'Yesssss', 9, 1, '2022-01-25 23:04:07'),
(114, 'me i am foolish', 9, 1, '2022-01-25 23:04:12'),
(115, 'really foolish', 9, 1, '2022-01-25 23:04:18'),
(116, 'hahahahhaha', 9, 1, '2022-01-25 23:04:22'),
(117, 'oya', 9, 1, '2022-01-25 23:08:59'),
(118, 'oya', 9, 1, '2022-01-25 23:09:01'),
(119, 'sonatahiraho', 9, 1, '2022-01-25 23:09:04'),
(120, 'Hello wveryone?', 1, 4, '2022-01-25 23:10:49'),
(121, 'hello', 1, 4, '2022-01-25 23:12:52'),
(122, 'how are you doing guys?', 1, 4, '2022-01-25 23:13:03'),
(123, '?', 1, 4, '2022-01-25 23:14:23'),
(124, 'ok', 7, 1, '2022-01-26 01:04:46'),
(125, 'we are fine', 1, 2, '2022-01-26 01:07:42'),
(126, 'How about you?', 1, 2, '2022-01-26 01:07:51'),
(127, 'yeahh', 4, 2, '2022-01-26 01:08:01'),
(128, 'sure', 4, 2, '2022-01-26 01:08:02'),
(129, 'i missed you too', 4, 2, '2022-01-26 01:08:07'),
(130, 'yeahh', 15, 2, '2022-01-26 01:08:14'),
(131, 'let\'s goo', 15, 2, '2022-01-26 01:08:18'),
(132, 'hie', 21, 2, '2022-01-26 01:09:10'),
(133, 'againnn', 22, 2, '2022-01-26 01:09:17'),
(134, 'heylooow', 18, 7, '2022-01-26 15:17:26'),
(135, 'hooooo', 18, 7, '2022-01-26 15:17:59'),
(136, 'heyyy', 44, 7, '2022-01-26 15:38:58'),
(137, 'salaama', 20, 7, '2022-01-26 15:39:25'),
(138, 'should send to test 4', 20, 7, '2022-01-26 15:41:17'),
(139, 'is itokay now?', 20, 7, '2022-01-26 15:47:51'),
(140, 'Yessss', 20, 3, '2022-01-26 15:48:57'),
(141, 'ohh', 4, 3, '2022-01-26 15:50:28'),
(142, 'that', 4, 3, '2022-01-26 15:50:29'),
(143, 'crazyyyyy', 4, 3, '2022-01-26 15:50:36'),
(144, 'Hellow <div class=\"message-sent-text\">why don\'t you send messages?</div>', 4, 3, '2022-01-26 15:59:02'),
(145, 'okieeer', 1, 3, '2022-01-26 20:24:58'),
(146, 'kskskkso', 12, 6, '2022-01-27 15:50:47'),
(147, 'afdjfs', 12, 6, '2022-01-27 15:55:47'),
(148, 'sdfsdf', 12, 6, '2022-01-27 15:55:48'),
(149, 'sdf', 12, 6, '2022-01-27 15:55:48'),
(150, 'g', 12, 6, '2022-01-27 15:55:49'),
(151, 'dfhd', 12, 6, '2022-01-27 15:55:49'),
(152, 'sss', 12, 6, '2022-01-27 15:55:50'),
(153, 'sfgdfgdhdhdh', 12, 6, '2022-01-27 15:55:52'),
(154, 'sdfsdg', 12, 6, '2022-01-27 15:55:54'),
(155, 'Hie man', 21, 1, '2022-01-30 12:18:27'),
(156, 'how are tou?', 21, 1, '2022-01-30 12:18:31'),
(157, 'why does it look so simple?', 1, 1, '2022-01-30 12:49:49'),
(158, 'I duno why', 1, 1, '2022-01-30 12:50:02'),
(159, 'let us keep in touch', 9, 1, '2022-01-30 15:29:05'),
(160, 'okie', 9, 1, '2022-01-30 16:04:46'),
(161, 'ddddddddddddddddddddddddddddddddddddddddddddddddddddddddddddddddddddddddddddddddddddddddddddddddddddddddddddddddddddddddddddddddddddddddddddddddddddddddddddddddddddddddddddddddddddddddddddddddddddddddddddddddddddddddddddddddddddddddddddddddddddddddddddddddddddddddddddddddddddddddddddddddddddddddddddddddddddddddddddddddddddddddddddddddddddddddddddddddddddddddddddddddddddddddddddddddddddddddddddddddddddddddddddddddddddddddddddddddddddddddddddddddddddddddddddddddddddddddddddddddddddddddddddddddddddddddddddddddddddddddddddddddddddddddddddddddddddddddddddddddddddddddddddddddddddddddddddddddddddddddddddddddddddddddddddddddddddddddddddddddddddddddddddddddddddddddddddddddddddddddddddddddddddddddddddddddddddddddddddddddddddddddddddddddddddddddddddddddddddddddddddddddddddddddddddddddddddddddddddddddddddddddddddddddddddddddddddddddddddddddddddddddddddddddddddddddddddddddddddddddddddddddddddddddddddddddddddddddddddddddddddddddddddddddddddddddddddddddddddddddddddddddddddddddddddddddddddddddddddddddddddddddddddddddddddddddddddddddddddddddddddddddddddddddddddddddddddddddddddddddddddddddddddddddddddddddddddddddddddddddddddddddddddddddddddddddddddddddddddddddddddddddddddddd', 16, 6, '2022-01-30 16:22:22'),
(162, 'Hie man', 45, 8, '2022-01-30 18:04:41'),
(163, 'I am new here', 45, 8, '2022-01-30 18:04:45'),
(164, 'Hi', 45, 7, '2022-01-30 18:05:43'),
(165, 'Umeze neza se?', 45, 7, '2022-01-30 18:06:02'),
(166, 'welcome', 45, 7, '2022-01-30 18:06:05'),
(167, 'Hi man', 46, 8, '2022-01-30 18:06:47'),
(168, 'How are tou doing', 46, 8, '2022-01-30 18:06:57'),
(169, 'Hie man', 47, 8, '2022-01-30 18:07:47'),
(170, 'How is it going?', 47, 8, '2022-01-30 18:07:56'),
(171, 'Heylooo', 1, 1, '2022-01-30 18:35:44'),
(172, 'revamped', 1, 3, '2022-01-31 18:48:59'),
(173, 'this is competely going fine', 4, 3, '2022-02-01 00:36:05'),
(174, 'Hiiii', 46, 1, '2022-02-01 00:47:21'),
(175, 'Salaam ', 46, 1, '2022-02-01 00:48:03'),
(176, 'Salaam yewe', 46, 1, '2022-02-01 00:48:31'),
(177, 'Biracamo?', 46, 1, '2022-02-01 00:48:44'),
(178, 'Hiiierrr', 46, 1, '2022-02-01 08:05:03'),
(179, 'YeAhhh rev.', 1, 1, '2022-02-01 08:05:39'),
(180, 'hhhhhhhah\n\ngoooo\nhaa\n\n\n00:42:12\n\n\n\n\n\n', 16, 1, '2022-02-01 09:47:25'),
(181, 'Hello', 9, 1, '2022-02-01 23:15:27'),
(182, 'h', 9, 1, '2022-02-01 23:30:33'),
(183, 'jvjhgfjhgcj', 16, 1, '2022-02-02 17:03:53'),
(184, 'ygfxcghjmn', 16, 1, '2022-02-02 17:04:12'),
(185, 'hjbk', 16, 1, '2022-02-02 17:04:14'),
(186, 'ok', 24, 1, '2022-02-02 18:02:35'),
(187, 'What do you mean?', 21, 1, '2022-02-02 22:41:50'),
(188, 'jhgzsdkjlkjhsnmdoicskjhnmdciosuhjnd', 9, 1, '2022-02-02 23:09:01'),
(189, 'ytghhjkoyughnkoiujh', 9, 1, '2022-02-02 23:09:07'),
(190, 'uyghjoiuhj', 9, 1, '2022-02-02 23:09:11'),
(191, 'siuyhgjsiodk\nSdfsdfs', 9, 1, '2022-02-02 23:09:17'),
(192, 'ygfvbiuyghkjsd\nSDfsdf\n\nSdfs4', 9, 1, '2022-02-02 23:09:26'),
(193, 'sdfsgeece', 9, 1, '2022-02-02 23:09:34'),
(194, 'Good for you', 45, 7, '2022-02-03 07:08:16'),
(195, 'kjkjkj', 20, 7, '2022-02-03 07:11:09'),
(196, 'okay', 20, 7, '2022-02-03 07:18:37'),
(197, 'hello', 45, 7, '2022-02-03 07:20:41'),
(198, 'egooooooooo', 20, 7, '2022-02-03 07:22:58'),
(199, 'oki', 45, 7, '2022-02-03 07:24:10'),
(200, 'oki again', 45, 7, '2022-02-03 07:28:58'),
(201, 'test', 9, 1, '2022-02-03 07:38:02'),
(202, 'quickckeck', 1, 1, '2022-02-03 07:39:51'),
(203, 'ok', 1, 1, '2022-02-03 07:43:09'),
(204, 'and here', 45, 7, '2022-02-03 07:46:10'),
(205, 'okie', 45, 7, '2022-02-03 09:38:36'),
(206, 'hello', 45, 7, '2022-02-03 09:44:55'),
(207, 'bawww', 45, 7, '2022-02-03 09:45:30'),
(208, 'ok', 45, 7, '2022-02-03 09:46:01'),
(209, 'Hi, How are you?', 45, 7, '2022-02-03 09:50:09'),
(210, 'Hi', 45, 7, '2022-02-03 12:13:52'),
(211, 'Hiiiiiiiiiiiiiiiiiiiiiiiiiiiiiiiiiiiiiiiiiiiiiiiiiiiiiiiii', 44, 7, '2022-02-03 13:09:51'),
(212, 'okau', 20, 7, '2022-02-03 13:15:49'),
(213, 'I am still testing', 20, 7, '2022-02-03 13:35:55'),
(214, 'uytredscvoiuytrdcvbnmjkloiuytrfdcvbmkl;oiuytfdcl;op876ytresxcvbnkl[poiuytrfdcxv\ndsxcvbnkliouytrfdcvbh', 17, 7, '2022-02-03 13:52:16'),
(215, 'jtdhgfdhgfd\nhgfghfxh\ngfxhgfx\ngxhf\nhgfo', 17, 7, '2022-02-03 13:54:52'),
(216, 'okieeeeerrr', 17, 7, '2022-02-03 14:02:51'),
(217, 'Thank youuuuu', 45, 8, '2022-02-03 14:21:59'),
(218, 'howdy', 45, 8, '2022-02-03 16:26:04'),
(219, 'Well respond', 47, 8, '2022-02-03 17:09:53'),
(220, 'Bigggg', 46, 8, '2022-02-03 17:17:16'),
(221, 'loggggg', 46, 8, '2022-02-03 19:11:53'),
(222, 'okayyyyy', 46, 8, '2022-02-03 19:34:46'),
(223, 'checking again', 45, 8, '2022-02-03 19:41:02'),
(224, 'check now?', 45, 8, '2022-02-03 20:45:46'),
(225, 'hallo again', 45, 8, '2022-02-03 20:49:22'),
(226, 'Last hello again check again', 45, 8, '2022-02-03 23:45:23'),
(227, 'this one too?', 45, 8, '2022-02-03 23:53:40'),
(228, 'now', 47, 8, '2022-02-04 00:12:36'),
(229, 'hey', 46, 8, '2022-02-04 00:27:02'),
(230, 'Salaama', 46, 8, '2022-02-04 00:30:32'),
(231, 'then', 47, 8, '2022-02-04 00:34:02'),
(232, 'hoolaaa', 47, 8, '2022-02-04 00:34:36'),
(233, 'saaaaaalam', 46, 8, '2022-02-04 00:34:51'),
(234, 'Helloooow', 45, 8, '2022-02-04 00:40:54'),
(235, 'Fella', 46, 8, '2022-02-04 00:42:19'),
(236, 'Hiee', 46, 8, '2022-02-04 00:42:32'),
(237, 'Hieeeeee', 7, 4, '2022-02-04 00:45:13'),
(238, 'Hellowwwww', 1, 4, '2022-02-04 02:01:33'),
(239, 'Yessss', 1, 4, '2022-02-04 02:17:57'),
(240, 'Hiiiii', 1, 4, '2022-02-04 02:23:18'),
(241, 'I have never talked in this team', 1, 5, '2022-02-04 08:47:09'),
(242, 'Heeyyyynoow', 1, 5, '2022-02-04 08:47:23'),
(243, 'Yplllaaaa', 1, 5, '2022-02-04 08:47:51'),
(244, 'Woooowww\nit is working', 1, 5, '2022-02-04 08:50:08'),
(245, 'lemme try again', 1, 5, '2022-02-04 08:51:07'),
(246, 'okay', 12, 5, '2022-02-04 09:01:39'),
(247, 'Holaa', 10, 5, '2022-02-04 11:33:33'),
(248, 'Holllllllllllllllaaaaa', 10, 5, '2022-02-04 11:33:57'),
(249, 'Holla', 12, 5, '2022-02-04 11:46:58'),
(250, 'Does this work?', 44, 5, '2022-02-04 11:49:11'),
(251, 'salaama', 8, 5, '2022-02-04 11:50:11'),
(252, 'umeze ute se?', 8, 5, '2022-02-04 11:50:15'),
(253, 'really?\n\n\n seriously?', 9, 5, '2022-02-04 11:51:47'),
(254, 'Yes i works. fine', 44, 7, '2022-02-04 15:13:18'),
(255, 'ayee yeeee\n', 24, 1, '2022-02-04 19:42:33'),
(256, 'This is important', 17, 7, '2022-02-04 22:06:20'),
(257, 'Now reka turebe', 17, 7, '2022-02-04 22:06:34'),
(258, 'yeah!!\ni have noticed', 14, 3, '2022-02-04 22:07:42'),
(259, 'egokoooooo', 20, 3, '2022-02-04 22:08:19'),
(260, 'Inyungu hahahahahahahhh', 2, 1, '2022-02-04 23:28:37'),
(261, 'ok', 7, 1, '2022-02-04 23:43:04'),
(262, 'ok', 7, 1, '2022-02-04 23:51:17'),
(263, 'yeeee', 24, 2, '2022-02-05 00:02:33'),
(264, 'its a new Dayyy', 45, 8, '2022-02-06 14:21:20'),
(265, 'I am soo exited\nfor the new Day', 45, 8, '2022-02-06 14:21:44'),
(266, 'Now let\'s see', 45, 8, '2022-02-06 17:21:41'),
(267, 'GIerrrrr', 46, 8, '2022-02-06 17:21:50'),
(268, 'Yeahhh\ntry', 1, 4, '2022-02-08 22:54:09'),
(269, 'hellow', 6, 4, '2022-02-11 11:46:31'),
(270, 'Geez', 6, 4, '2022-02-11 11:46:51'),
(271, 'yess', 13, 4, '2022-02-11 11:48:35'),
(272, 'againnn!!!', 13, 4, '2022-02-11 11:48:47'),
(273, 'Array testtt', 13, 4, '2022-02-11 11:48:58'),
(274, 'yeahhhh', 7, 1, '2022-02-11 13:20:08'),
(275, 'tell', 7, 1, '2022-02-11 13:22:51'),
(276, 'olkooooooo', 6, 4, '2022-02-11 13:57:21'),
(277, 'Salaaamaa', 10, 2, '2022-02-11 14:41:54'),
(278, 'whattttt', 7, 4, '2022-02-11 15:12:35'),
(279, 'Yoo mannnn', 5, 3, '2022-02-11 16:23:58'),
(280, 'kjsdfsd', 5, 3, '2022-02-11 16:24:19'),
(281, 'ghjgjh', 5, 3, '2022-02-11 16:24:35'),
(282, 'hello', 7, 4, '2022-02-12 10:29:26'),
(283, 'Hi', 7, 4, '2022-02-12 10:29:45'),
(284, 'are tou fine?', 7, 4, '2022-02-12 10:29:52'),
(285, 'ok', 7, 4, '2022-02-12 10:30:02'),
(286, 'okay', 6, 4, '2022-02-12 10:33:59'),
(287, 'Hello team', 1, 4, '2022-02-12 10:42:39'),
(288, 'okay', 1, 4, '2022-02-12 10:43:00'),
(289, 'uygyuygyg\nokay', 13, 4, '2022-02-12 10:50:06'),
(290, 'uygyuygyg\nokay', 13, 4, '2022-02-12 10:50:17'),
(291, 'ksft', 5, 4, '2022-02-12 10:51:00'),
(292, 'ksft\nokay', 5, 4, '2022-02-12 10:51:09'),
(293, 'ksft', 5, 4, '2022-02-12 10:51:21'),
(294, 'igo se', 6, 4, '2022-02-12 10:51:54'),
(295, 'let\'s check now', 7, 4, '2022-02-12 10:52:55'),
(296, 'meka', 1, 4, '2022-02-12 10:56:22'),
(297, 'ohh', 1, 4, '2022-02-12 10:56:41'),
(298, 'yahhh', 7, 1, '2022-02-12 11:19:34'),
(299, 'I am checking', 7, 1, '2022-02-12 11:19:51'),
(300, 'hahahhaha', 7, 1, '2022-02-12 11:19:54'),
(301, 'thanks', 7, 1, '2022-02-12 11:19:56'),
(302, 'this is clearly a bug', 7, 1, '2022-02-12 11:20:13'),
(303, 'I told you Hy!', 21, 1, '2022-02-12 13:09:05'),
(304, 'okay\nso now let\'s fight', 21, 1, '2022-02-12 13:09:38'),
(305, 'once again', 21, 1, '2022-02-12 13:32:35'),
(306, 'c\'est bon', 21, 1, '2022-02-12 13:32:44'),
(307, 'Fressshhh', 8, 4, '2022-02-13 12:23:11'),
(308, 'wowe se?', 8, 4, '2022-02-13 12:23:19'),
(309, 'Test teaseeeeeeeer', 11, 3, '2022-02-14 09:43:33'),
(310, 'Download SQL Server Management Studio (SSMS)\nArticle\n12/08/2021\n7 minutes to read\n+35\nIs this page helpful?\n\nApplies to:SQL Server (all supported versions)Azure SQL DatabaseAzure SQL Managed InstanceAzure Synapse Analytics\n\nSQL Server Management Studio (SSMS) is an integrated environment for managing any SQL infrastructure, from SQL Server to Azure SQL Database. SSMS provides tools to configure, monitor, and administer instances of SQL Server and databases. Use SSMS to deploy, monitor, and upgrade the data-tier components used by your applications, and build queries and scripts.\n\nUse SSMS to query, design, and manage your databases and data warehouses, wherever they are - on your local computer, or in the cloud.\n\nDownload SSMS', 11, 3, '2022-02-15 02:06:32'),
(311, 'dfgfgd', 2, 3, '2022-02-15 09:30:24'),
(312, 'may i call you?', 7, 1, '2022-02-16 10:56:03'),
(313, 'ok', 8, 4, '2022-02-16 10:56:17'),
(314, 'i am texting youuu', 7, 1, '2022-02-16 10:56:57'),
(315, 'I am responding to tpuu', 7, 4, '2022-02-16 10:57:14'),
(316, 'hellooow', 7, 1, '2022-02-17 18:45:13'),
(317, 'elle est ma confirt zone', 11, 3, '2022-02-18 22:59:38'),
(318, 'nopppe', 5, 3, '2022-02-18 23:00:23'),
(319, 'Hi', 18, 1, '2022-02-20 17:45:20'),
(320, 'how are you???', 18, 1, '2022-02-20 17:45:32'),
(321, 'this good message', 11, 3, '2022-02-21 17:41:39'),
(322, 'erver Management Studio (SSMS) is an integrated environment for managing any SQL infrastructure, from SQL Server to Azure SQL Database. SSMS provides tools to configure, monitor, and ad', 11, 3, '2022-02-21 17:51:44'),
(323, 'One Huge message!!!!', 11, 3, '2022-02-21 23:18:42'),
(324, 'this is extensive', 11, 3, '2022-02-21 23:19:22'),
(325, 'owkay', 5, 4, '2022-02-22 23:10:26'),
(326, 'again se?', 5, 4, '2022-02-22 23:10:50'),
(327, 'try again', 1, 4, '2022-02-22 23:11:11'),
(328, 'type a message', 1, 4, '2022-02-22 23:13:28'),
(329, 'let\'s see', 1, 4, '2022-02-22 23:13:41'),
(330, 'after snding', 1, 4, '2022-02-22 23:13:55'),
(331, 'then now', 1, 4, '2022-02-22 23:14:08'),
(332, 'whe should have an error', 1, 4, '2022-02-22 23:14:21'),
(333, 'hello', 4, 3, '2022-02-24 22:07:57'),
(334, 'checkk', 11, 3, '2022-02-24 22:35:22'),
(335, 'testtt', 4, 2, '2022-02-25 10:51:35'),
(336, 'this is not fairrr', 1, 4, '2022-02-25 11:09:16'),
(337, 'salaama', 6, 2, '2022-02-27 07:07:25'),
(338, 'THIS IS AN ESCALATING THREAT', 11, 3, '2022-02-27 23:40:15'),
(339, 'YEAHHH', 11, 3, '2022-02-27 23:40:21'),
(340, 'THIS IS AN ESCALATING THREAT', 11, 3, '2022-02-27 23:40:31'),
(341, 'HELLO', 11, 3, '2022-02-27 23:41:03'),
(342, 'OK', 11, 3, '2022-02-27 23:41:12'),
(343, 'Am fine', 18, 7, '2022-03-01 17:59:21'),
(344, 'How do you do ', 18, 7, '2022-03-01 17:59:33'),
(345, 'test check', 9, 1, '2022-03-02 13:12:07'),
(346, 'hahahha', 9, 1, '2022-03-02 13:12:13'),
(347, 'sds', 9, 1, '2022-03-02 13:12:16'),
(348, 'check now', 9, 5, '2022-03-02 13:14:34'),
(349, 'hellowww', 9, 1, '2022-03-03 20:54:37'),
(350, 'heyy', 9, 1, '2022-03-03 20:54:57'),
(351, 'fghjkjh', 9, 1, '2022-03-03 20:55:05'),
(352, 'okieer', 1, 1, '2022-03-03 20:56:08'),
(353, 'Sun Jan 09 2022\nTT\nhi man\n\nFri Feb 04 2022\nTT\nHolaa\nhi man\nHolllllllllllllllaaaaa', 10, 2, '2022-03-05 18:58:15'),
(354, 'Hello my queen', 9, 1, '2022-03-06 20:51:56'),
(355, 'Hey babe', 9, 5, '2022-03-06 20:52:11'),
(356, 'how are you?', 9, 1, '2022-03-06 20:52:09'),
(357, 'am fine', 9, 1, '2022-03-06 20:52:12'),
(358, 'how are you?', 9, 1, '2022-03-06 20:52:15'),
(359, 'am gud gud gud', 9, 5, '2022-03-06 20:52:28'),
(360, 'hahhahaha', 9, 1, '2022-03-06 20:52:34'),
(361, 'take my call', 9, 1, '2022-03-06 20:52:38'),
(362, 'hello team', 1, 2, '2022-03-09 10:48:33'),
(363, 'Hellooo guys', 4, 2, '2022-03-09 21:11:23'),
(364, 'How are you doing Brothers', 4, 2, '2022-03-09 21:11:31'),
(365, 'lemme send one more message', 1, 5, '2022-03-11 12:55:50'),
(366, 'okayy', 1, 5, '2022-03-11 12:55:56'),
(367, 'hahhahahahha', 11, 5, '2022-03-12 05:41:16'),
(368, 'hahahhhahah', 11, 5, '2022-03-12 05:41:19'),
(369, 'hgffdyuiukjnbvgfytyuukhjvbgfyyh\njhggfhf', 12, 5, '2022-03-12 05:43:18'),
(370, 'kjhkhkh', 12, 5, '2022-03-12 05:43:20'),
(371, 'Test teaseeeeeeeergoodhi man', 11, 5, '2022-03-12 14:28:18'),
(372, 'phishing test', 11, 5, '2022-03-12 14:33:43'),
(373, 'December 2021\nm\nSa\nSu\nMo\nTu\nWe\nTh\nFr\n30\n29\n28\n27\n1\n2\n3\n4\n5\n6\n7\n8\n9\n10\n11\n12\n13\n14\n15\n16\n17\n18\n19\n20\n21\n22\n23\n24\n25\n26\n27\n28\n29\n30\n31\n1\n2\n3\n4\n5\n6\n7', 10, 5, '2022-03-14 08:42:45'),
(374, 'good', 5, 4, '2022-03-14 09:38:28'),
(375, '', 1, 4, '2022-03-14 09:39:05'),
(376, 'helllo', 48, 9, '2022-03-19 22:56:42'),
(377, 'yo', 49, 9, '2022-03-20 15:25:46'),
(378, 'ok', 48, 9, '2022-03-22 00:00:05'),
(379, 'ok', 49, 9, '2022-03-22 12:41:58'),
(380, 'another test', 48, 9, '2022-03-23 05:54:24'),
(381, 'final', 48, 2, '2022-03-23 12:05:17'),
(382, 'sdfsd\nSDFSD\nSDFS\nSDFSDF', 1, 2, '2022-03-27 20:16:57'),
(383, 'Kho', 9, 5, '2022-03-29 00:21:29'),
(384, 'Test', 12, 5, '2022-03-29 00:27:36'),
(385, 'Ok', 12, 5, '2022-03-29 00:27:45'),
(386, 'Yeah ', 20, 7, '2022-03-29 06:37:54'),
(387, 'lets seee', 45, 7, '2022-04-03 12:12:08'),
(388, 'hahahahaha', 45, 7, '2022-04-03 12:12:11'),
(389, 'it is now on server????', 45, 7, '2022-04-03 12:12:17'),
(390, 'nooo', 1, 5, '2022-04-05 13:34:24'),
(391, 'dude', 1, 5, '2022-04-05 13:34:26'),
(392, 'G	G	SFS	SF	SF	SF	C	C	C	SFS	C	C	C	C	BHF	SF	SFS	G	G\nB	B	SFS	EF	EF	EF	EF	EF	CD	SFS	HI	HI	HI	BHF	SF	SF	SFS	B	B\nSF	IJ7	B7	IJ7	IJ7	SF	SF	SF	SF	SFS	BHF	SF	SF	IJ7	IJ7	IJ7	SFS	IJ7	JK6\nGH	CD	SFS	C	C	C	CD	SF	SF	SFS	BHF	B	B	B	B	B	SFS	EF	EF\nC	SF	SFS	BC	BC	BC	BC	BC	BC	SFS	BHF	SF	SF	GH	GH	G	SFS	BC	BC\nHL	SF	SFS	HL	HL	HL	HL	SF	SF	SFS	BHF	EF	EF	EF	EF	EF	B7	SF	SF\nHL	SF	SFS	D	D	D	D	D	D	SFS	BHF	SF	SF	SF	D	D	SFS	GH	GH\nD	D	SFS	G	G	G	G	G	SF	SFS	BHF	D	D	D	G	SF	SFS	HL	HL\nBC	BC	SFS	SF	SF	SF	DE	CD	G	SFS	BHF	BC	BC	BC	BC	BC	SFS	C	C\nEF	EF	SFS	GH	GH	GH	GH	GH	SF	SFS	BHF	DE	DE	DE	C	C	SFS	C	C\nSF	SF	SFS	FG	FG	FG	FG	FG	SF	SFS	BHF	G	G	G	SF	SF	SFS	D	D\nFG	C	SFS	C	C	C	C	C	EF	SFS	GH	GH	GH	SF	SF	SF	SFS	SF	BHF', 10, 5, '2022-04-05 13:41:11'),
(393, 'SF SF SF SFS BHF SF SF IJ7 IJ7 IJ7 SFS IJ7 JK6\nGH CD SFS C C C CD SF SF SFS BHF B B B B B SFS EF EF\nC SF SFS BC BC BC BC BC BC SFS BHF SF SF GH GH G SFS BC BC\nHL SF SFS HL HL HL HL SF SF SFS BHF EF', 10, 2, '2022-04-10 11:56:16'),
(394, 'cj', 48, 2, '2022-04-11 17:21:10'),
(395, 'vnmncm', 48, 2, '2022-04-11 17:21:13'),
(396, 'nccmcvcmvcmbvcmbvcmbvcmbc', 48, 2, '2022-04-11 17:21:17'),
(397, 'ncmcmcm\nh khg khg g kg k', 48, 2, '2022-04-11 17:21:24'),
(398, 'hello', 1, 1, '2022-04-13 19:24:07'),
(399, 'Yolla', 9, 5, '2022-04-16 18:22:51'),
(400, 'bimeze bite', 9, 1, '2022-04-16 18:23:11'),
(401, 'Ni 4 mn ', 9, 5, '2022-04-16 18:23:19'),
(402, 'hoyaa', 2, 1, '2022-05-19 21:45:10'),
(403, 'ntabwo ari iya Luwi', 9, 1, '2022-05-19 21:45:23'),
(404, 'ntabwo mbizi pe', 9, 1, '2022-05-19 21:45:32'),
(405, 'hhahhahha', 25, 1, '2022-05-19 21:46:12'),
(406, 'hie', 1, 3, '2022-05-21 03:26:19'),
(407, 'guys', 1, 3, '2022-05-21 03:26:25'),
(408, 'how do you do', 1, 3, '2022-05-21 03:26:29'),
(409, 'Hello Guys', 1, 3, '2022-05-21 03:33:01'),
(410, 'any one needs a Junior DEVOPS engineer positions', 1, 3, '2022-05-21 03:33:28'),
(411, '?', 1, 3, '2022-05-21 03:33:30'),
(412, 'Here sre our stacks', 1, 3, '2022-05-21 03:33:37'),
(413, '[Development] -> .NET Framework (C# / .Net 4.6.2), .Net Core (C#), Visual Studio 2019, Java 1.8, Python, SQL, PL/SQL\n[Frameworks] -> WPF applications, WCF Services, Spring / .Net Spring, Camel Framework, NServiceBus\n[Integration] -> MSMQ, Tibco EMS, Azure Event Hub, SSIS, Rabbit MQ, Apache Thrift\n[DevOps] -> GitLab, Flow TeamCity, Azure Kubernetes Service (AKS), Docker, Helm, Unix, Elastic Stack (ELK), Bash, Hashicorp Enterprise Vault (EVA), MS Build, Puppet, Nexus, NUnit, SonarQube\n[Grid Computing] -> DataSynapse Compute Grid, Azure Batch (PaaS)\n[Data Layer] -> Oracle Database 18c, MongoDB, MS SQL Database Server, Azure Data Lake Storage (ADLS)\n[QA] -> Jira, Jira X-Ray, PowerShell, Python\n[Reporting] -> SSAS, Power BI\n[Big Data] -> Spark / DataBricks, Scala, Python, Java\n[UI] -> React, Angular JS, Node JS', 1, 2, '2022-05-21 03:34:22'),
(414, 'kll', 10, 2, '2022-05-21 17:04:25'),
(415, 'hello', 25, 1, '2022-05-21 22:40:36'),
(416, 'aagda', 25, 1, '2022-05-21 22:40:38'),
(417, 'asdgags', 25, 1, '2022-05-21 22:40:40');

-- --------------------------------------------------------

--
-- Table structure for table `messagetags`
--

CREATE TABLE `messagetags` (
  `id` int NOT NULL,
  `messageId` int NOT NULL,
  `tagMessageId` int NOT NULL
) ENGINE=InnoDB DEFAULT CHARSET=utf8mb4 COLLATE=utf8mb4_0900_ai_ci;

--
-- Dumping data for table `messagetags`
--

INSERT INTO `messagetags` (`id`, `messageId`, `tagMessageId`) VALUES
(1, 0, 204),
(2, 0, 206),
(3, 0, 225),
(4, 0, 223),
(5, 226, 225),
(6, 226, 224),
(7, 227, 226),
(8, 228, 219),
(9, 0, 170),
(10, 0, 219),
(11, 0, 169),
(12, 0, 170),
(13, 0, 174),
(14, 234, 210),
(15, 236, 174),
(16, 237, 38),
(17, 237, 40),
(18, 237, 42),
(19, 237, 68),
(20, 237, 75),
(21, 237, 94),
(22, 238, 123),
(23, 238, 126),
(24, 239, 3),
(25, 240, 238),
(26, 242, 241),
(27, 243, 1),
(28, 244, 71),
(29, 245, 71),
(30, 245, 18),
(31, 245, 2),
(32, 248, 45),
(33, 250, 211),
(34, 251, 35),
(35, 253, 114),
(36, 254, 250),
(37, 255, 186),
(38, 256, 215),
(39, 257, 214),
(40, 258, 96),
(41, 259, 198),
(42, 260, 8),
(43, 260, 17),
(44, 261, 237),
(45, 263, 255),
(46, 265, 264),
(47, 268, 245),
(48, 268, 244),
(49, 268, 241),
(50, 270, 269),
(51, 273, 57),
(52, 277, 248),
(53, 303, 132),
(54, 308, 252),
(55, 309, 53),
(56, 318, 28),
(57, 320, 135),
(58, 321, 310),
(59, 323, 322),
(60, 323, 321),
(61, 323, 310),
(62, 323, 309),
(63, 323, 55),
(64, 323, 54),
(65, 323, 53),
(66, 328, 268),
(67, 331, 330),
(68, 352, 332),
(69, 393, 373),
(70, 398, 336),
(71, 402, 9);

-- --------------------------------------------------------

--
-- Table structure for table `participants`
--

CREATE TABLE `participants` (
  `id` int NOT NULL,
  `userID` int NOT NULL,
  `roomID` int NOT NULL,
  `dateGotAccess` datetime NOT NULL DEFAULT CURRENT_TIMESTAMP
) ENGINE=InnoDB DEFAULT CHARSET=utf8mb4 COLLATE=utf8mb4_0900_ai_ci;

--
-- Dumping data for table `participants`
--

INSERT INTO `participants` (`id`, `userID`, `roomID`, `dateGotAccess`) VALUES
(1, 2, 1, '2022-01-07 01:23:20'),
(2, 1, 1, '2022-01-07 01:23:20'),
(3, 3, 2, '2022-01-07 15:07:20'),
(4, 1, 2, '2022-01-07 15:07:20'),
(7, 3, 4, '2022-01-07 16:08:29'),
(8, 2, 4, '2022-01-07 16:08:29'),
(9, 4, 5, '2022-01-08 01:21:25'),
(10, 3, 5, '2022-01-08 01:21:25'),
(11, 4, 6, '2022-01-08 11:21:22'),
(12, 2, 6, '2022-01-08 11:21:22'),
(13, 4, 7, '2022-01-08 12:02:58'),
(14, 1, 7, '2022-01-08 12:02:58'),
(15, 4, 8, '2022-01-08 12:38:01'),
(16, 5, 8, '2022-01-08 12:38:01'),
(17, 1, 9, '2022-01-09 01:52:51'),
(18, 5, 9, '2022-01-09 01:52:51'),
(19, 5, 10, '2022-01-09 02:20:30'),
(20, 2, 10, '2022-01-09 02:20:30'),
(21, 5, 11, '2022-01-10 13:52:46'),
(22, 3, 11, '2022-01-10 13:52:46'),
(23, 6, 12, '2022-01-10 21:08:05'),
(24, 5, 12, '2022-01-10 21:08:05'),
(25, 6, 13, '2022-01-10 21:16:39'),
(26, 4, 13, '2022-01-10 21:16:39'),
(27, 6, 14, '2022-01-10 21:36:17'),
(28, 3, 14, '2022-01-10 21:36:17'),
(29, 6, 15, '2022-01-10 21:58:19'),
(30, 2, 15, '2022-01-10 21:58:19'),
(31, 6, 16, '2022-01-10 22:05:57'),
(32, 1, 16, '2022-01-10 22:05:57'),
(33, 7, 17, '2022-01-24 03:32:40'),
(34, 6, 17, '2022-01-24 03:32:40'),
(35, 7, 18, '2022-01-24 13:00:48'),
(36, 1, 18, '2022-01-24 13:00:48'),
(37, 7, 19, '2022-01-24 13:03:05'),
(38, 2, 19, '2022-01-24 13:03:05'),
(39, 7, 20, '2022-01-24 13:08:30'),
(40, 3, 20, '2022-01-24 13:08:30'),
(41, 3, 1, '2022-01-25 01:23:20'),
(43, 4, 1, '2022-01-07 01:23:20'),
(44, 5, 1, '2022-01-07 01:23:20'),
(45, 1, 21, '2022-01-26 01:52:02'),
(46, 2, 21, '2022-01-26 01:52:02'),
(47, 2, 22, '2022-01-26 02:08:25'),
(48, 1, 22, '2022-01-26 02:08:25'),
(49, 2, 23, '2022-01-26 02:12:47'),
(50, 1, 23, '2022-01-26 02:12:47'),
(51, 2, 24, '2022-01-26 02:22:25'),
(52, 1, 24, '2022-01-26 02:22:25'),
(53, 2, 25, '2022-01-26 02:23:23'),
(54, 1, 25, '2022-01-26 02:23:23'),
(55, 2, 26, '2022-01-26 02:25:16'),
(56, 1, 26, '2022-01-26 02:25:16'),
(57, 2, 27, '2022-01-26 02:25:51'),
(58, 3, 27, '2022-01-26 02:25:51'),
(59, 2, 28, '2022-01-26 10:02:57'),
(60, 3, 28, '2022-01-26 10:02:57'),
(61, 2, 29, '2022-01-26 10:24:16'),
(62, 3, 29, '2022-01-26 10:24:16'),
(63, 2, 30, '2022-01-26 10:26:16'),
(64, 3, 30, '2022-01-26 10:26:16'),
(65, 2, 31, '2022-01-26 10:31:49'),
(66, 3, 31, '2022-01-26 10:31:49'),
(67, 2, 32, '2022-01-26 11:13:05'),
(68, 3, 32, '2022-01-26 11:13:05'),
(69, 2, 33, '2022-01-26 12:23:03'),
(70, 3, 33, '2022-01-26 12:23:03'),
(71, 2, 34, '2022-01-26 12:34:05'),
(72, 3, 34, '2022-01-26 12:34:05'),
(73, 2, 35, '2022-01-26 12:39:22'),
(74, 3, 35, '2022-01-26 12:39:22'),
(75, 2, 36, '2022-01-26 12:46:40'),
(76, 3, 36, '2022-01-26 12:46:40'),
(77, 2, 37, '2022-01-26 12:50:27'),
(78, 3, 37, '2022-01-26 12:50:27'),
(79, 2, 38, '2022-01-26 13:02:14'),
(80, 3, 38, '2022-01-26 13:02:14'),
(81, 2, 39, '2022-01-26 13:10:44'),
(82, 3, 39, '2022-01-26 13:10:44'),
(83, 2, 40, '2022-01-26 13:12:23'),
(84, 3, 40, '2022-01-26 13:12:23'),
(85, 2, 41, '2022-01-26 13:14:36'),
(86, 3, 41, '2022-01-26 13:14:36'),
(87, 2, 42, '2022-01-26 13:17:22'),
(88, 3, 42, '2022-01-26 13:17:22'),
(89, 7, 43, '2022-01-26 15:43:20'),
(90, 4, 43, '2022-01-26 15:43:20'),
(91, 7, 44, '2022-01-26 16:38:48'),
(92, 5, 44, '2022-01-26 16:38:48'),
(93, 8, 45, '2022-01-30 19:04:36'),
(94, 7, 45, '2022-01-30 19:04:36'),
(95, 8, 46, '2022-01-30 19:06:38'),
(96, 1, 46, '2022-01-30 19:06:38'),
(97, 8, 47, '2022-01-30 19:07:26'),
(98, 2, 47, '2022-01-30 19:07:26'),
(99, 9, 48, '2022-03-19 23:56:34'),
(100, 2, 48, '2022-03-19 23:56:34'),
(101, 9, 49, '2022-03-20 16:25:41'),
(102, 6, 49, '2022-03-20 16:25:41');

-- --------------------------------------------------------

--
-- Table structure for table `positions`
--

CREATE TABLE `positions` (
  `id` int NOT NULL,
  `position` text NOT NULL
) ENGINE=InnoDB DEFAULT CHARSET=utf8mb4 COLLATE=utf8mb4_0900_ai_ci;

--
-- Dumping data for table `positions`
--

INSERT INTO `positions` (`id`, `position`) VALUES
(1, 'Central Branding Director'),
(2, 'Corporate Security Manager'),
(3, 'Future Metrics Vice President'),
(4, 'Future Branding Administrator'),
(5, 'Dynamic Resonance Manager'),
(6, 'Lead Markets Developer'),
(7, 'Human Accounts Technician'),
(8, 'National Tactics Planner'),
(9, 'Interactive Applications Architect'),
(10, 'Customer Applications Architect'),
(11, 'Legacy Applications Strategist'),
(12, 'Dynamic Applications Orchestrator'),
(13, 'Human Applications Developer'),
(14, 'Internal Applications Coordinator');

-- --------------------------------------------------------

--
-- Table structure for table `reactionoptions`
--

CREATE TABLE `reactionoptions` (
  `id` int NOT NULL,
  `icon` text NOT NULL,
  `name` text NOT NULL,
  `description` text
) ENGINE=InnoDB DEFAULT CHARSET=utf8mb4 COLLATE=utf8mb4_0900_ai_ci;

--
-- Dumping data for table `reactionoptions`
--

INSERT INTO `reactionoptions` (`id`, `icon`, `name`, `description`) VALUES
(1, '', 'Like', NULL),
(2, '', 'Laugh', NULL),
(3, '', 'Wow', NULL),
(4, '', 'Afraid', NULL),
(5, '', 'Angry', NULL),
(6, '', 'Love', NULL);

-- --------------------------------------------------------

--
-- Table structure for table `reactions`
--

CREATE TABLE `reactions` (
  `id` int NOT NULL,
  `userID` int NOT NULL,
  `messageID` int NOT NULL,
  `reactionOptionID` int NOT NULL
) ENGINE=InnoDB DEFAULT CHARSET=utf8mb4 COLLATE=utf8mb4_0900_ai_ci;

--
-- Dumping data for table `reactions`
--

INSERT INTO `reactions` (`id`, `userID`, `messageID`, `reactionOptionID`) VALUES
(1, 2, 32, 1),
(5, 2, 29, 3),
(10, 2, 31, 2),
(11, 2, 71, 4),
(12, 2, 3, 5),
(13, 2, 2, 1),
(16, 2, 45, 5),
(18, 3, 84, 5),
(20, 3, 59, 2),
(22, 3, 17, 1),
(24, 1, 17, 5),
(26, 2, 69, 4),
(28, 5, 45, 5),
(29, 5, 53, 1),
(31, 5, 55, 4),
(35, 5, 47, 4),
(36, 5, 48, 5),
(45, 2, 25, 5),
(48, 2, 81, 4),
(49, 2, 89, 4),
(50, 1, 89, 5),
(51, 1, 68, 4),
(52, 1, 41, 5),
(53, 1, 91, 5),
(55, 1, 48, 4),
(56, 1, 47, 4),
(57, 1, 46, 4),
(69, 1, 73, 5),
(70, 1, 74, 4),
(72, 1, 77, 5),
(74, 1, 65, 4),
(76, 1, 66, 5),
(77, 1, 87, 4),
(79, 1, 86, 4),
(81, 1, 92, 5),
(82, 1, 94, 4),
(87, 1, 80, 4),
(90, 1, 88, 4),
(91, 1, 62, 1),
(92, 6, 66, 4),
(93, 6, 73, 1),
(95, 2, 87, 5),
(96, 2, 88, 1),
(97, 2, 93, 1),
(98, 6, 98, 5),
(99, 6, 78, 5),
(100, 6, 97, 4),
(101, 6, 57, 1),
(102, 6, 99, 4),
(103, 6, 103, 5),
(104, 1, 97, 4),
(105, 1, 42, 6),
(106, 7, 104, 3),
(107, 7, 105, 5),
(109, 1, 50, 2),
(113, 1, 103, 1),
(118, 5, 115, 3),
(119, 1, 118, 2),
(120, 3, 123, 4),
(121, 4, 123, 5),
(122, 1, 112, 3),
(124, 1, 2, 1),
(129, 3, 143, 6),
(131, 3, 3, 2),
(132, 1, 145, 2),
(133, 6, 101, 6),
(134, 1, 134, 4),
(135, 1, 115, 5),
(136, 1, 133, 1),
(137, 1, 71, 6),
(138, 8, 164, 1),
(139, 1, 168, 3),
(141, 1, 167, 1),
(142, 1, 122, 2),
(143, 1, 132, 1),
(144, 1, 6, 1),
(145, 7, 163, 4),
(146, 1, 120, 3),
(147, 2, 145, 2),
(148, 3, 145, 2),
(149, 1, 177, 4),
(154, 1, 176, 6),
(157, 1, 174, 4),
(159, 1, 161, 1),
(163, 1, 190, 6),
(164, 1, 192, 2),
(165, 5, 250, 4),
(166, 8, 264, 1),
(167, 1, 187, 5),
(168, 3, 15, 5),
(169, 3, 317, 6),
(170, 3, 318, 2),
(171, 4, 301, 2),
(172, 3, 179, 1),
(173, 1, 288, 4),
(174, 5, 288, 3),
(175, 1, 328, 1),
(178, 2, 353, 6),
(179, 1, 357, 6),
(180, 3, 339, 4),
(181, 5, 148, 3),
(182, 5, 71, 6),
(183, 5, 150, 1),
(184, 5, 342, 1),
(185, 5, 340, 2),
(186, 5, 373, 1),
(187, 5, 98, 3),
(189, 4, 375, 6),
(190, 9, 376, 5),
(193, 2, 286, 1),
(194, 2, 375, 2),
(195, 7, 386, 6),
(196, 7, 213, 3),
(197, 7, 319, 1),
(198, 7, 389, 6),
(199, 5, 254, 1),
(201, 2, 142, 2),
(202, 2, 378, 3),
(203, 1, 399, 2),
(205, 3, 382, 4),
(206, 3, 398, 2),
(207, 2, 413, 5),
(208, 2, 392, 1),
(209, 2, 187, 2),
(212, 1, 12, 2);

-- --------------------------------------------------------

--
-- Table structure for table `room`
--

CREATE TABLE `room` (
  `chatID` int NOT NULL,
  `name` text,
  `type` tinyint NOT NULL,
  `profilePicture` text,
  `creationDate` datetime NOT NULL DEFAULT CURRENT_TIMESTAMP,
  `lastActionDate` datetime NOT NULL DEFAULT CURRENT_TIMESTAMP
) ENGINE=InnoDB DEFAULT CHARSET=utf8mb4 COLLATE=utf8mb4_0900_ai_ci;

--
-- Dumping data for table `room`
--

INSERT INTO `room` (`chatID`, `name`, `type`, `profilePicture`, `creationDate`, `lastActionDate`) VALUES
(1, NULL, 1, NULL, '2022-01-07 01:23:20', '2022-05-21 03:34:22'),
(2, NULL, 0, NULL, '2022-01-07 15:07:20', '2022-05-19 21:45:10'),
(4, NULL, 0, NULL, '2022-01-07 16:08:29', '2022-03-09 21:11:31'),
(5, NULL, 0, NULL, '2022-01-08 01:21:25', '2022-03-14 09:38:28'),
(6, NULL, 0, NULL, '2022-01-08 11:21:22', '2022-02-27 07:07:25'),
(7, NULL, 0, NULL, '2022-01-08 12:02:58', '2022-02-17 18:45:13'),
(8, NULL, 0, NULL, '2022-01-08 12:38:01', '2022-02-16 10:56:17'),
(9, NULL, 0, NULL, '2022-01-09 01:52:51', '2022-05-19 21:45:32'),
(10, NULL, 0, NULL, '2022-01-09 02:20:30', '2022-05-21 17:04:25'),
(11, NULL, 0, NULL, '2022-01-10 13:52:46', '2022-03-12 14:33:43'),
(12, NULL, 0, NULL, '2022-01-10 21:08:05', '2022-03-29 00:27:45'),
(13, NULL, 0, NULL, '2022-01-10 21:16:39', '2022-02-12 10:50:17'),
(14, NULL, 0, NULL, '2022-01-10 21:36:17', '2022-02-04 22:07:42'),
(15, NULL, 0, NULL, '2022-01-10 21:58:19', '2022-01-26 01:08:18'),
(16, NULL, 0, NULL, '2022-01-10 22:05:57', '2022-02-02 17:04:14'),
(17, NULL, 0, NULL, '2022-01-24 03:32:40', '2022-02-04 22:06:34'),
(18, NULL, 0, NULL, '2022-01-24 13:00:48', '2022-03-01 17:59:33'),
(19, NULL, 0, NULL, '2022-01-24 13:03:05', '2022-01-24 13:03:05'),
(20, NULL, 0, NULL, '2022-01-24 13:08:30', '2022-03-29 06:37:54'),
(21, NULL, 0, NULL, '2022-01-26 01:52:02', '2022-02-12 13:32:44'),
(22, NULL, 0, NULL, '2022-01-26 02:08:25', '2022-01-26 01:09:17'),
(23, NULL, 0, NULL, '2022-01-26 02:12:47', '2022-01-26 02:12:47'),
(24, NULL, 0, NULL, '2022-01-26 02:22:25', '2022-02-05 00:02:33'),
(25, NULL, 0, NULL, '2022-01-26 02:23:23', '2022-05-21 22:40:40'),
(26, NULL, 0, NULL, '2022-01-26 02:25:16', '2022-01-26 02:25:16'),
(27, NULL, 0, NULL, '2022-01-26 02:25:51', '2022-01-26 02:25:51'),
(28, NULL, 0, NULL, '2022-01-26 10:02:57', '2022-01-26 10:02:57'),
(29, NULL, 0, NULL, '2022-01-26 10:24:16', '2022-01-26 10:24:16'),
(30, NULL, 0, NULL, '2022-01-26 10:26:16', '2022-01-26 10:26:16'),
(31, NULL, 0, NULL, '2022-01-26 10:31:49', '2022-01-26 10:31:49'),
(32, NULL, 0, NULL, '2022-01-26 11:13:05', '2022-01-26 11:13:05'),
(33, NULL, 0, NULL, '2022-01-26 12:23:03', '2022-01-26 12:23:03'),
(34, NULL, 0, NULL, '2022-01-26 12:34:05', '2022-01-26 12:34:05'),
(35, NULL, 0, NULL, '2022-01-26 12:39:22', '2022-01-26 12:39:22'),
(36, NULL, 0, NULL, '2022-01-26 12:46:40', '2022-01-26 12:46:40'),
(37, NULL, 0, NULL, '2022-01-26 12:50:27', '2022-01-26 12:50:27'),
(38, NULL, 0, NULL, '2022-01-26 13:02:14', '2022-01-26 13:02:14'),
(39, NULL, 0, NULL, '2022-01-26 13:10:44', '2022-01-26 13:10:44'),
(40, NULL, 0, NULL, '2022-01-26 13:12:23', '2022-01-26 13:12:23'),
(41, NULL, 0, NULL, '2022-01-26 13:14:36', '2022-01-26 13:14:36'),
(42, NULL, 0, NULL, '2022-01-26 13:17:22', '2022-01-26 13:17:22'),
(43, NULL, 0, NULL, '2022-01-26 15:43:20', '2022-01-26 15:43:20'),
(44, NULL, 0, NULL, '2022-01-26 16:38:48', '2022-02-04 15:13:18'),
(45, NULL, 0, NULL, '2022-01-30 19:04:36', '2022-04-03 12:12:17'),
(46, NULL, 0, NULL, '2022-01-30 19:06:38', '2022-02-06 17:21:50'),
(47, NULL, 0, NULL, '2022-01-30 19:07:26', '2022-02-04 00:34:36'),
(48, NULL, 0, NULL, '2022-03-19 23:56:34', '2022-04-11 17:21:24'),
(49, NULL, 0, NULL, '2022-03-20 16:25:41', '2022-03-22 12:41:58');

-- --------------------------------------------------------

--
-- Table structure for table `user`
--

CREATE TABLE `user` (
  `id` int NOT NULL,
  `name` text NOT NULL,
  `surname` text NOT NULL,
  `email` text NOT NULL,
  `profilePicture` text,
  `password` text NOT NULL,
  `company_id` int NOT NULL,
  `positionId` int NOT NULL,
  `registration_date` datetime NOT NULL DEFAULT CURRENT_TIMESTAMP
) ENGINE=InnoDB DEFAULT CHARSET=utf8mb4 COLLATE=utf8mb4_0900_ai_ci;

--
-- Dumping data for table `user`
--

INSERT INTO `user` (`id`, `name`, `surname`, `email`, `profilePicture`, `password`, `company_id`, `positionId`, `registration_date`) VALUES
(1, 'Test1Name', 'Test1Surname', 'test1email@gmail.com', '/images/profiles/user-128.png', '$2a$10$7ToBGJZ4ifEX.UmhKVR00.v.XN2JOh0WBNrj12RMy5n/ukoEtIjiy', 0, 1, '2022-01-07 01:05:01'),
(2, 'Test2Name', 'Test2Surname', 'test2email@gmail.com', '/images/profiles/user-129.png', '$2a$10$jBJkQjAFD2jHAJPGlHmkKeq3.ypTPQEuSkrAB.DncxG.np5hDBo1a', 0, 2, '2022-01-07 01:08:28'),
(3, 'Test3Name', 'Test3Surname', 'test3email@gmail.com', NULL, '$2a$10$FcQD2cadt/OSXiuN9.wdNOvAOJCT8ugB05zTiaCSSDPppjHz3CBSS', 0, 3, '2022-01-07 15:06:35'),
(4, 'test4Name', 'test4Surname', 'test4email@gmail.com', NULL, '$2a$10$ZxXRImnZCpmDkHeMsyo.HejKblBD.T5p.xASvFUTimbuMc7HLwwxi', 0, 4, '2022-01-08 00:42:14'),
(5, 'test5Name', 'test5Surname', 'test5email@gmail.com', NULL, '$2a$10$UnfZ/VBOb8pwd1Ud0zW4gOJb3B/82V7AqzAqRTUNVePRgd3J/WrAu', 0, 5, '2022-01-08 12:14:42'),
(6, 'test6Name', 'test6Surame', 'test6email@gmail.com', NULL, '$2a$10$IDFjO5zOFdD08Fm3UGIhje4gfiMMl5qC8royvj1zqzLqDZtvOXCAu', 0, 6, '2022-01-10 21:07:06'),
(7, 'Test', 'User7', 'test7email@gmail.com', NULL, '$2a$10$Udt6i3z86nbcfhuT858Qyu.xVmpn/NitExPwxQ68fl4FMLqK/6iH2', 0, 7, '2022-01-24 03:32:11'),
(8, '5Mugisha', 'Jean', 'test8email@gmail.com', NULL, '$2a$10$Ywb/w2Guhi1/NxiiFsCOg.Kv5J/ttzl4JovS84u9fRAhMGFR7LjpO', 0, 8, '2022-01-30 19:04:18'),
(9, 'Test9Name', 'test9Surname', 'test9email@gmail.com', NULL, '$2a$10$A7SldC8qP4TxQrRT58WRkOGedx0Otr3hLc5Tq6rcLQj7xDf6o4N3O', 0, 0, '2022-03-19 22:08:14');

--
-- Indexes for dumped tables
--

--
-- Indexes for table `callparticipants`
--
ALTER TABLE `callparticipants`
  ADD PRIMARY KEY (`id`),
  ADD KEY `callId` (`callId`),
  ADD KEY `participantId` (`participantId`);

--
-- Indexes for table `calls`
--
ALTER TABLE `calls`
  ADD PRIMARY KEY (`id`);

--
-- Indexes for table `eventparticipants`
--
ALTER TABLE `eventparticipants`
  ADD PRIMARY KEY (`id`);

--
-- Indexes for table `events`
--
ALTER TABLE `events`
  ADD PRIMARY KEY (`eventId`);

--
-- Indexes for table `message`
--
ALTER TABLE `message`
  ADD PRIMARY KEY (`id`);

--
-- Indexes for table `messagetags`
--
ALTER TABLE `messagetags`
  ADD PRIMARY KEY (`id`);

--
-- Indexes for table `participants`
--
ALTER TABLE `participants`
  ADD PRIMARY KEY (`id`);

--
-- Indexes for table `positions`
--
ALTER TABLE `positions`
  ADD PRIMARY KEY (`id`);

--
-- Indexes for table `reactionoptions`
--
ALTER TABLE `reactionoptions`
  ADD PRIMARY KEY (`id`);

--
-- Indexes for table `reactions`
--
ALTER TABLE `reactions`
  ADD PRIMARY KEY (`id`),
  ADD UNIQUE KEY `userID` (`userID`,`messageID`);

--
-- Indexes for table `room`
--
ALTER TABLE `room`
  ADD PRIMARY KEY (`chatID`);

--
-- Indexes for table `user`
--
ALTER TABLE `user`
  ADD PRIMARY KEY (`id`);

--
-- AUTO_INCREMENT for dumped tables
--

--
-- AUTO_INCREMENT for table `callparticipants`
--
ALTER TABLE `callparticipants`
  MODIFY `id` int NOT NULL AUTO_INCREMENT, AUTO_INCREMENT=1044;

--
-- AUTO_INCREMENT for table `calls`
--
ALTER TABLE `calls`
  MODIFY `id` int NOT NULL AUTO_INCREMENT, AUTO_INCREMENT=474;

--
-- AUTO_INCREMENT for table `eventparticipants`
--
ALTER TABLE `eventparticipants`
  MODIFY `id` int NOT NULL AUTO_INCREMENT, AUTO_INCREMENT=35;

--
-- AUTO_INCREMENT for table `events`
--
ALTER TABLE `events`
  MODIFY `eventId` int NOT NULL AUTO_INCREMENT, AUTO_INCREMENT=17;

--
-- AUTO_INCREMENT for table `message`
--
ALTER TABLE `message`
  MODIFY `id` int NOT NULL AUTO_INCREMENT, AUTO_INCREMENT=418;

--
-- AUTO_INCREMENT for table `messagetags`
--
ALTER TABLE `messagetags`
  MODIFY `id` int NOT NULL AUTO_INCREMENT, AUTO_INCREMENT=72;

--
-- AUTO_INCREMENT for table `participants`
--
ALTER TABLE `participants`
  MODIFY `id` int NOT NULL AUTO_INCREMENT, AUTO_INCREMENT=103;

--
-- AUTO_INCREMENT for table `positions`
--
ALTER TABLE `positions`
  MODIFY `id` int NOT NULL AUTO_INCREMENT, AUTO_INCREMENT=15;

--
-- AUTO_INCREMENT for table `reactionoptions`
--
ALTER TABLE `reactionoptions`
  MODIFY `id` int NOT NULL AUTO_INCREMENT, AUTO_INCREMENT=7;

--
-- AUTO_INCREMENT for table `reactions`
--
ALTER TABLE `reactions`
  MODIFY `id` int NOT NULL AUTO_INCREMENT, AUTO_INCREMENT=213;

--
-- AUTO_INCREMENT for table `room`
--
ALTER TABLE `room`
  MODIFY `chatID` int NOT NULL AUTO_INCREMENT, AUTO_INCREMENT=50;

--
-- AUTO_INCREMENT for table `user`
--
ALTER TABLE `user`
  MODIFY `id` int NOT NULL AUTO_INCREMENT, AUTO_INCREMENT=10;
COMMIT;

/*!40101 SET CHARACTER_SET_CLIENT=@OLD_CHARACTER_SET_CLIENT */;
/*!40101 SET CHARACTER_SET_RESULTS=@OLD_CHARACTER_SET_RESULTS */;
/*!40101 SET COLLATION_CONNECTION=@OLD_COLLATION_CONNECTION */;
